Entity Name,Domain Code,Entity Keys,Table Name,Table Column
Account,account,account_id,DW_NS_account_D,id
Account Type,accounttype,accounttype_id,DW_NS_ACCOUNTTYPE_D,id
Accounting Book,accountingBook,accountingBook_id,DW_NS_accountingBook_D,id
Accounting Period,accountingPeriod,accountingPeriod_id,DW_NS_accountingPeriod_D,id
Action Type,ActionType,ActionType_type,DW_NS_ActionType_D,type
Amortization Type,AmortizationType,AmortizationType_key,DW_NS_AmortizationType_D,key
Approval Status,ApprovalStatus,ApprovalStatus_id,DW_NS_ApprovalStatus_D,id
Assembly Item Bom,assemblyItemBom,assemblyItemBom_assembly,DW_NS_assemblyItemBom_G,assembly
Assembly Item Bom,assemblyItemBom,assemblyItemBom_billofmaterials,DW_NS_assemblyItemBom_G,billofmaterials
Bill Variance Status,BillVarianceStatus,BillVarianceStatus_key,DW_NS_BillVarianceStatus_D,key
Bill of Materials,bom,bom_id,DW_NS_bom_D,id
Bill of Materials Revision,bomRevision,bomRevision_id,DW_NS_bomRevision_D,id
Bill of Materials Revision Component,BomRevisionComponent,BomRevisionComponent_id,DW_NS_BomRevisionComponent_D,id
Billing Account,billingAccount,billingAccount_id,DW_NS_billingAccount_D,id
Billing Class,BillingClass,BillingClass_id,DW_NS_BillingClass_D,id
Billing Rate Card,BillingRateCard,BillingRateCard_id,DW_NS_BillingRateCard_D,id
Billing Schedule,billingSchedule,billingSchedule_id,DW_NS_billingSchedule_D,id
Billing Schedule Recurrence Pattern,billingScheduleRecurrencePattern,billingScheduleRecurrencePattern_id,DW_NS_billingScheduleRecurrencePattern_D,id
Billing Schedule Type,BillingScheduleType,BillingScheduleType_id,DW_NS_BillingScheduleType_D,id
Bin,bin,bin_id,DW_NS_bin_D,id
Bin Putaway Worksheet Transaction Line,BinWkshtTransactionLine,BinWkshtTransactionLine_id,DW_NS_BIN_PUTAWAY_WORKSHEET_LINES_F,id
Bin Putaway Worksheet Transaction Line,BinWkshtTransactionLine,BinWkshtTransactionLine_transaction,DW_NS_BIN_PUTAWAY_WORKSHEET_LINES_F,transaction
Bin Transfer Transaction Line,BinTrnfrTransactionLine,BinTrnfrTransactionLine_id,DW_NS_BIN_TRANSFER_LINES_F,id
Bin Transfer Transaction Line,BinTrnfrTransactionLine,BinTrnfrTransactionLine_transaction,DW_NS_BIN_TRANSFER_LINES_F,transaction
Bin Transfer Transactions,BinTrnfrTransactions,BinTrnfrTransactions_id,DW_NS_BIN_TRANSFER_F,id
Bin Transfer Transactions,BinTrnfrTransactions,BinTrnfrTransactions_id,DW_NS_BIN_TRANSFER_LINES_F,transaction
BinPutaway Worksheet Transactions,BinWkshtTransactions,BinWkshtTransactions_id,DW_NS_BIN_PUTAWAY_WORKSHEET_F,id
BinPutaway Worksheet Transactions,BinWkshtTransactions,BinWkshtTransactions_id,DW_NS_BIN_PUTAWAY_WORKSHEET_LINES_F,transaction
Budget Category,budgetcategory,budgetcategory_id,DW_NS_budgetcategory_D,id
Budgets,budgets,budgets_id,DW_NS_BUDGETS_F,id
Budgets Machine,budgetsMachine,budgetsMachine_budgetid,DW_NS_BUDGET_PERIOD_AMOUNTS_F,budgetid
Build Transaction Accounting Line,BuildTransactionAccountingLine,BuildTransactionAccountingLine_accountingbook,DW_NS_ASSEMBLY_BUILD_LINES_F,accountingbook
Build Transaction Accounting Line,BuildTransactionAccountingLine,BuildTransactionAccountingLine_transaction,DW_NS_ASSEMBLY_BUILD_LINES_F,transaction
Build Transaction Accounting Line,BuildTransactionAccountingLine,BuildTransactionAccountingLine_transactionline,DW_NS_ASSEMBLY_BUILD_LINES_F,id
Build Transaction Line,BuildTransactionLine,BuildTransactionLine_id,DW_NS_ASSEMBLY_BUILD_LINES_F,id
Build Transaction Line,BuildTransactionLine,BuildTransactionLine_transaction,DW_NS_ASSEMBLY_BUILD_LINES_F,transaction
Build Transactions,BuildTransactions,BuildTransactions_id,DW_NS_ASSEMBLY_BUILD_F,id
Build Transactions,BuildTransactions,BuildTransactions_id,DW_NS_ASSEMBLY_BUILD_LINES_F,transaction
Cash Refund Transaction Accounting Line,CashRfndTransactionAccountingLine,CashRfndTransactionAccountingLine_accountingbook,DW_NS_CASH_REFUND_LINES_F,accountingbook
Cash Refund Transaction Accounting Line,CashRfndTransactionAccountingLine,CashRfndTransactionAccountingLine_transaction,DW_NS_CASH_REFUND_LINES_F,transaction
Cash Refund Transaction Accounting Line,CashRfndTransactionAccountingLine,CashRfndTransactionAccountingLine_transactionline,DW_NS_CASH_REFUND_LINES_F,id
Cash Refund Transaction Line,CashRfndTransactionLine,CashRfndTransactionLine_id,DW_NS_CASH_REFUND_LINES_F,id
Cash Refund Transaction Line,CashRfndTransactionLine,CashRfndTransactionLine_transaction,DW_NS_CASH_REFUND_LINES_F,transaction
Cash Refund Transactions,CashRfndTransactions,CashRfndTransactions_id,DW_NS_CASH_REFUND_F,id
Cash Refund Transactions,CashRfndTransactions,CashRfndTransactions_id,DW_NS_CASH_REFUND_LINES_F,transaction
Cash Sale Transaction Accounting Line,CashSaleTransactionAccountingLine,CashSaleTransactionAccountingLine_accountingbook,DW_NS_CASH_SALE_LINES_F,accountingbook
Cash Sale Transaction Accounting Line,CashSaleTransactionAccountingLine,CashSaleTransactionAccountingLine_transaction,DW_NS_CASH_SALE_LINES_F,transaction
Cash Sale Transaction Accounting Line,CashSaleTransactionAccountingLine,CashSaleTransactionAccountingLine_transactionline,DW_NS_CASH_SALE_LINES_F,id
Cash Sale Transaction Line,CashSaleTransactionLine,CashSaleTransactionLine_id,DW_NS_CASH_SALE_LINES_F,id
Cash Sale Transaction Line,CashSaleTransactionLine,CashSaleTransactionLine_transaction,DW_NS_CASH_SALE_LINES_F,transaction
Cash Sale Transactions,CashSaleTransactions,CashSaleTransactions_id,DW_NS_CASH_SALE_F,id
Cash Sale Transactions,CashSaleTransactions,CashSaleTransactions_id,DW_NS_CASH_SALE_LINES_F,transaction
Charge,charge,charge_id,DW_NS_charge_F,id
Charge Billing Mode Type,Chargebillingmodetype,Chargebillingmodetype_key,DW_NS_Chargebillingmodetype_D,key
Charge Rule,ChargeRule,ChargeRule_id,DW_NS_ChargeRule_D,id
Charge Stage Type,Chargestagetype,Chargestagetype_key,DW_NS_Chargestagetype_D,key
Charge Type,chargeType,chargeType_id,DW_NS_chargeType_D,id
Charge Use,Chargeuse,Chargeuse_key,DW_NS_Chargeuse_D,key
Check Transaction Accounting Line,CheckTransactionAccountingLine,CheckTransactionAccountingLine_accountingbook,DW_NS_CHECK_LINES_F,accountingbook
Check Transaction Accounting Line,CheckTransactionAccountingLine,CheckTransactionAccountingLine_transaction,DW_NS_CHECK_LINES_F,transaction
Check Transaction Accounting Line,CheckTransactionAccountingLine,CheckTransactionAccountingLine_transactionline,DW_NS_CHECK_LINES_F,id
Check Transaction Line,CheckTransactionLine,CheckTransactionLine_id,DW_NS_CHECK_LINES_F,id
Check Transaction Line,CheckTransactionLine,CheckTransactionLine_transaction,DW_NS_CHECK_LINES_F,transaction
Check Transactions,CheckTransactions,CheckTransactions_id,DW_NS_CHECK_F,id
Check Transactions,CheckTransactions,CheckTransactions_id,DW_NS_CHECK_LINES_F,transaction
Classification,classification,classification_id,DW_NS_classification_D,id
Commission Payment Type,CommissionPaymentType,CommissionPaymentType_key,DW_NS_CommissionPaymentType_D,key
Commission Transaction Accounting Line,CommissnTransactionAccountingLine,CommissnTransactionAccountingLine_accountingbook,DW_NS_COMMISSION_LINES_F,accountingbook
Commission Transaction Accounting Line,CommissnTransactionAccountingLine,CommissnTransactionAccountingLine_transaction,DW_NS_COMMISSION_LINES_F,transaction
Commission Transaction Accounting Line,CommissnTransactionAccountingLine,CommissnTransactionAccountingLine_transactionline,DW_NS_COMMISSION_LINES_F,id
Commission Transaction Line,CommissnTransactionLine,CommissnTransactionLine_id,DW_NS_COMMISSION_LINES_F,id
Commission Transaction Line,CommissnTransactionLine,CommissnTransactionLine_transaction,DW_NS_COMMISSION_LINES_F,transaction
Commission Transactions,CommissnTransactions,CommissnTransactions_id,DW_NS_COMMISSION_F,id
Commission Transactions,CommissnTransactions,CommissnTransactions_id,DW_NS_COMMISSION_LINES_F,transaction
Commission Transactions,CommissnTransactions,CommissnTransactions_id,DW_NS_COMMISSION_SNAPSHOT_F,id
Consolidated Rate Type,ConsolidatedRateType,ConsolidatedRateType_id,DW_NS_ConsolidatedRateType_D,id
Contact,Contact,Contact_id,DW_NS_Contact_D,id
Cost Category,costCategory,costCategory_id,DW_NS_costCategory_D,id
Cost Estimate Type,CostEstimateType,CostEstimateType_key,DW_NS_COSTESTIMATETYPE_D,key
Costing Method Type,CostingMethodType,CostingMethodType_key,DW_NS_CostingMethodType_D,key
Country,Country,Country_id,DW_NS_Country_D,id
Credit Card Charge Transaction Accounting Line,CardChrgTransactionAccountingLine,CardChrgTransactionAccountingLine_accountingbook,DW_NS_CREDIT_CARD_CHARGE_LINES_F,accountingbook
Credit Card Charge Transaction Accounting Line,CardChrgTransactionAccountingLine,CardChrgTransactionAccountingLine_transaction,DW_NS_CREDIT_CARD_CHARGE_LINES_F,transaction
Credit Card Charge Transaction Accounting Line,CardChrgTransactionAccountingLine,CardChrgTransactionAccountingLine_transactionline,DW_NS_CREDIT_CARD_CHARGE_LINES_F,id
Credit Card Charge Transaction Line,CardChrgTransactionLine,CardChrgTransactionLine_id,DW_NS_CREDIT_CARD_CHARGE_LINES_F,id
Credit Card Charge Transaction Line,CardChrgTransactionLine,CardChrgTransactionLine_transaction,DW_NS_CREDIT_CARD_CHARGE_LINES_F,transaction
Credit Card Charge Transactions,CardChrgTransactions,CardChrgTransactions_id,DW_NS_CREDIT_CARD_CHARGE_F,id
Credit Card Charge Transactions,CardChrgTransactions,CardChrgTransactions_id,DW_NS_CREDIT_CARD_CHARGE_LINES_F,transaction
Credit Card Refund Transaction Accounting Line,CardRfndTransactionAccountingLine,CardRfndTransactionAccountingLine_accountingbook,DW_NS_CREDIT_CARD_REFUND_LINES_F,accountingbook
Credit Card Refund Transaction Accounting Line,CardRfndTransactionAccountingLine,CardRfndTransactionAccountingLine_transaction,DW_NS_CREDIT_CARD_REFUND_LINES_F,transaction
Credit Card Refund Transaction Accounting Line,CardRfndTransactionAccountingLine,CardRfndTransactionAccountingLine_transactionline,DW_NS_CREDIT_CARD_REFUND_LINES_F,id
Credit Card Refund Transaction Line,CardRfndTransactionLine,CardRfndTransactionLine_id,DW_NS_CREDIT_CARD_REFUND_LINES_F,id
Credit Card Refund Transaction Line,CardRfndTransactionLine,CardRfndTransactionLine_transaction,DW_NS_CREDIT_CARD_REFUND_LINES_F,transaction
Credit Card Refund Transactions,CardRfndTransactions,CardRfndTransactions_id,DW_NS_CREDIT_CARD_REFUND_F,id
Credit Card Refund Transactions,CardRfndTransactions,CardRfndTransactions_id,DW_NS_CREDIT_CARD_REFUND_LINES_F,transaction
Cross Charge Journal Transaction Accounting Line,XChgJrnlTransactionAccountingLine,XChgJrnlTransactionAccountingLine_accountingbook,DW_NS_CROSS_CHARGE_JOURNAL_LINES_F,accountingbook
Cross Charge Journal Transaction Accounting Line,XChgJrnlTransactionAccountingLine,XChgJrnlTransactionAccountingLine_transaction,DW_NS_CROSS_CHARGE_JOURNAL_LINES_F,transaction
Cross Charge Journal Transaction Accounting Line,XChgJrnlTransactionAccountingLine,XChgJrnlTransactionAccountingLine_transactionline,DW_NS_CROSS_CHARGE_JOURNAL_LINES_F,id
Cross Charge Journal Transaction Line,XChgJrnlTransactionLine,XChgJrnlTransactionLine_id,DW_NS_CROSS_CHARGE_JOURNAL_LINES_F,id
Cross Charge Journal Transaction Line,XChgJrnlTransactionLine,XChgJrnlTransactionLine_transaction,DW_NS_CROSS_CHARGE_JOURNAL_LINES_F,transaction
Cross Charge Journal Transactions,XChgJrnlTransactions,XChgJrnlTransactions_id,DW_NS_CROSS_CHARGE_JOURNAL_F,id
Cross Charge Journal Transactions,XChgJrnlTransactions,XChgJrnlTransactions_id,DW_NS_CROSS_CHARGE_JOURNAL_LINES_F,transaction
Currency,currency,currency_id,DW_NS_currency_D,id
Currency Revaluation Transaction Accounting Line,FxRevalTransactionAccountingLine,FxRevalTransactionAccountingLine_accountingbook,DW_NS_CURRENCY_REVAL_LINES_F,accountingbook
Currency Revaluation Transaction Accounting Line,FxRevalTransactionAccountingLine,FxRevalTransactionAccountingLine_transaction,DW_NS_CURRENCY_REVAL_LINES_F,transaction
Currency Revaluation Transaction Accounting Line,FxRevalTransactionAccountingLine,FxRevalTransactionAccountingLine_transactionline,DW_NS_CURRENCY_REVAL_LINES_F,id
Currency Revaluation Transaction Line,FxRevalTransactionLine,FxRevalTransactionLine_id,DW_NS_CURRENCY_REVAL_LINES_F,id
Currency Revaluation Transaction Line,FxRevalTransactionLine,FxRevalTransactionLine_transaction,DW_NS_CURRENCY_REVAL_LINES_F,transaction
Currency Revaluation Transactions,FxRevalTransactions,FxRevalTransactions_id,DW_NS_CURRENCY_REVAL_F,id
Currency Revaluation Transactions,FxRevalTransactions,FxRevalTransactions_id,DW_NS_CURRENCY_REVAL_LINES_F,transaction
Customer,customer,customer_id,DW_NS_customer_D,id
Customer Category,customerCategory,customerCategory_id,DW_NS_customerCategory_D,id
Customer Credit Transaction Accounting Line,CustCredTransactionAccountingLine,CustCredTransactionAccountingLine_accountingbook,DW_NS_CUSTOMER_CREDIT_LINES_F,accountingbook
Customer Credit Transaction Accounting Line,CustCredTransactionAccountingLine,CustCredTransactionAccountingLine_transaction,DW_NS_CUSTOMER_CREDIT_LINES_F,transaction
Customer Credit Transaction Accounting Line,CustCredTransactionAccountingLine,CustCredTransactionAccountingLine_transactionline,DW_NS_CUSTOMER_CREDIT_LINES_F,id
Customer Credit Transaction Line,CustCredTransactionLine,CustCredTransactionLine_id,DW_NS_CUSTOMER_CREDIT_LINES_F,id
Customer Credit Transaction Line,CustCredTransactionLine,CustCredTransactionLine_transaction,DW_NS_CUSTOMER_CREDIT_LINES_F,transaction
Customer Credit Transactions,CustCredTransactions,CustCredTransactions_id,DW_NS_CUSTOMER_CREDIT_F,id
Customer Credit Transactions,CustCredTransactions,CustCredTransactions_id,DW_NS_CUSTOMER_CREDIT_LINES_F,transaction
Customer Deposit Transaction Accounting Line,CustDepTransactionAccountingLine,CustDepTransactionAccountingLine_accountingbook,DW_NS_CUSTOMER_DEPOSIT_LINES_F,accountingbook
Customer Deposit Transaction Accounting Line,CustDepTransactionAccountingLine,CustDepTransactionAccountingLine_transaction,DW_NS_CUSTOMER_DEPOSIT_LINES_F,transaction
Customer Deposit Transaction Accounting Line,CustDepTransactionAccountingLine,CustDepTransactionAccountingLine_transactionline,DW_NS_CUSTOMER_DEPOSIT_LINES_F,id
Customer Deposit Transaction Line,CustDepTransactionLine,CustDepTransactionLine_id,DW_NS_CUSTOMER_DEPOSIT_LINES_F,id
Customer Deposit Transaction Line,CustDepTransactionLine,CustDepTransactionLine_transaction,DW_NS_CUSTOMER_DEPOSIT_LINES_F,transaction
Customer Deposit Transactions,CustDepTransactions,CustDepTransactions_id,DW_NS_CUSTOMER_DEPOSIT_F,id
Customer Deposit Transactions,CustDepTransactions,CustDepTransactions_id,DW_NS_CUSTOMER_DEPOSIT_LINES_F,transaction
Customer Invoice Transaction Accounting Line,CustInvcTransactionAccountingLine,CustInvcTransactionAccountingLine_accountingbook,DW_NS_CUSTOMER_INVOICE_LINES_F,accountingbook
Customer Invoice Transaction Accounting Line,CustInvcTransactionAccountingLine,CustInvcTransactionAccountingLine_transaction,DW_NS_CUSTOMER_INVOICE_LINES_F,transaction
Customer Invoice Transaction Accounting Line,CustInvcTransactionAccountingLine,CustInvcTransactionAccountingLine_transactionline,DW_NS_CUSTOMER_INVOICE_LINES_F,id
Customer Invoice Transaction Line,CustInvcTransactionLine,CustInvcTransactionLine_id,DW_NS_CUSTOMER_INVOICE_LINES_F,id
Customer Invoice Transaction Line,CustInvcTransactionLine,CustInvcTransactionLine_transaction,DW_NS_CUSTOMER_INVOICE_LINES_F,transaction
Customer Invoice Transactions,CustInvcTransactions,CustInvcTransactions_id,DW_NS_CUSTOMER_INVOICE_F,id
Customer Invoice Transactions,CustInvcTransactions,CustInvcTransactions_id,DW_NS_CUSTOMER_INVOICE_LINES_F,transaction
Customer Invoice Transactions,CustInvcTransactions,CustInvcTransactions_id,DW_NS_CUSTOMER_INVC_SNAPSHOT_F,id
Customer Payment Authorization Transaction Accounting Line,CustAuthTransactionAccountingLine,CustAuthTransactionAccountingLine_accountingbook,DW_NS_CUSTOMER_PAYMENT_AUTH_LINES_F,accountingbook
Customer Payment Authorization Transaction Accounting Line,CustAuthTransactionAccountingLine,CustAuthTransactionAccountingLine_transaction,DW_NS_CUSTOMER_PAYMENT_AUTH_LINES_F,transaction
Customer Payment Authorization Transaction Accounting Line,CustAuthTransactionAccountingLine,CustAuthTransactionAccountingLine_transactionline,DW_NS_CUSTOMER_PAYMENT_AUTH_LINES_F,id
Customer Payment Authorization Transaction Line,CustAuthTransactionLine,CustAuthTransactionLine_id,DW_NS_CUSTOMER_PAYMENT_AUTH_LINES_F,id
Customer Payment Authorization Transaction Line,CustAuthTransactionLine,CustAuthTransactionLine_transaction,DW_NS_CUSTOMER_PAYMENT_AUTH_LINES_F,transaction
Customer Payment Authorization Transactions,CustAuthTransactions,CustAuthTransactions_id,DW_NS_CUSTOMER_PAYMENT_AUTH_F,id
Customer Payment Authorization Transactions,CustAuthTransactions,CustAuthTransactions_id,DW_NS_CUSTOMER_PAYMENT_AUTH_LINES_F,transaction
Customer Payment Transaction Accounting Line,CustPymtTransactionAccountingLine,CustPymtTransactionAccountingLine_accountingbook,DW_NS_CUSTOMER_PAYMENT_LINES_F,accountingbook
Customer Payment Transaction Accounting Line,CustPymtTransactionAccountingLine,CustPymtTransactionAccountingLine_transaction,DW_NS_CUSTOMER_PAYMENT_LINES_F,transaction
Customer Payment Transaction Accounting Line,CustPymtTransactionAccountingLine,CustPymtTransactionAccountingLine_transactionline,DW_NS_CUSTOMER_PAYMENT_LINES_F,id
Customer Payment Transaction Line,CustPymtTransactionLine,CustPymtTransactionLine_id,DW_NS_CUSTOMER_PAYMENT_LINES_F,id
Customer Payment Transaction Line,CustPymtTransactionLine,CustPymtTransactionLine_transaction,DW_NS_CUSTOMER_PAYMENT_LINES_F,transaction
Customer Payment Transactions,CustPymtTransactions,CustPymtTransactions_id,DW_NS_CUSTOMER_PAYMENT_F,id
Customer Payment Transactions,CustPymtTransactions,CustPymtTransactions_id,DW_NS_CUSTOMER_PAYMENT_LINES_F,transaction
Customer Payment Transactions,CustPymtTransactions,CustPymtTransactions_id,DW_NS_CUSTOMER_PAYMENT_SNAPSHOT_F,id
Customer Refund Transaction Accounting Line,CustRfndTransactionAccountingLine,CustRfndTransactionAccountingLine_accountingbook,DW_NS_CUSTOMER_REFUND_LINES_F,accountingbook
Customer Refund Transaction Accounting Line,CustRfndTransactionAccountingLine,CustRfndTransactionAccountingLine_transaction,DW_NS_CUSTOMER_REFUND_LINES_F,transaction
Customer Refund Transaction Accounting Line,CustRfndTransactionAccountingLine,CustRfndTransactionAccountingLine_transactionline,DW_NS_CUSTOMER_REFUND_LINES_F,id
Customer Refund Transaction Line,CustRfndTransactionLine,CustRfndTransactionLine_id,DW_NS_CUSTOMER_REFUND_LINES_F,id
Customer Refund Transaction Line,CustRfndTransactionLine,CustRfndTransactionLine_transaction,DW_NS_CUSTOMER_REFUND_LINES_F,transaction
Customer Refund Transactions,CustRfndTransactions,CustRfndTransactions_id,DW_NS_CUSTOMER_REFUND_F,id
Customer Refund Transactions,CustRfndTransactions,CustRfndTransactions_id,DW_NS_CUSTOMER_REFUND_LINES_F,transaction
Department,department,department_id,DW_NS_department_D,id
Deposit Application Transaction Accounting Line,DepApplTransactionAccountingLine,DepApplTransactionAccountingLine_accountingbook,DW_NS_DEPOSIT_APPL_LINES_F,accountingbook
Deposit Application Transaction Accounting Line,DepApplTransactionAccountingLine,DepApplTransactionAccountingLine_transaction,DW_NS_DEPOSIT_APPL_LINES_F,transaction
Deposit Application Transaction Accounting Line,DepApplTransactionAccountingLine,DepApplTransactionAccountingLine_transactionline,DW_NS_DEPOSIT_APPL_LINES_F,id
Deposit Application Transaction Line,DepApplTransactionLine,DepApplTransactionLine_id,DW_NS_DEPOSIT_APPL_LINES_F,id
Deposit Application Transaction Line,DepApplTransactionLine,DepApplTransactionLine_transaction,DW_NS_DEPOSIT_APPL_LINES_F,transaction
Deposit Application Transactions,DepApplTransactions,DepApplTransactions_id,DW_NS_DEPOSIT_APPL_F,id
Deposit Application Transactions,DepApplTransactions,DepApplTransactions_id,DW_NS_DEPOSIT_APPL_LINES_F,transaction
Deposit Transaction Accounting Line,DepositTransactionAccountingLine,DepositTransactionAccountingLine_accountingbook,DW_NS_DEPOSIT_LINES_F,accountingbook
Deposit Transaction Accounting Line,DepositTransactionAccountingLine,DepositTransactionAccountingLine_transaction,DW_NS_DEPOSIT_LINES_F,transaction
Deposit Transaction Accounting Line,DepositTransactionAccountingLine,DepositTransactionAccountingLine_transactionline,DW_NS_DEPOSIT_LINES_F,id
Deposit Transaction Line,DepositTransactionLine,DepositTransactionLine_id,DW_NS_DEPOSIT_LINES_F,id
Deposit Transaction Line,DepositTransactionLine,DepositTransactionLine_transaction,DW_NS_DEPOSIT_LINES_F,transaction
Deposit Transactions,DepositTransactions,DepositTransactions_id,DW_NS_DEPOSIT_F,id
Deposit Transactions,DepositTransactions,DepositTransactions_id,DW_NS_DEPOSIT_LINES_F,transaction
Effectivity Based On Type,EffectivityBasedOnType,EffectivityBasedOnType_key,DW_NS_EffectivityBasedOnType_D,key
Email Preference Type,EmailPreferenceType,EmailPreferenceType_id,DW_NS_EmailPreferenceType_D,id
Employee,employee,employee_id,DW_NS_employee_D,id
Employee Expense Report Transaction Accounting Line,ExpReptTransactionAccountingLine,ExpReptTransactionAccountingLine_accountingbook,DW_NS_EMPLOYEE_EXPENSE_REPORT_LINES_F,accountingbook
Employee Expense Report Transaction Accounting Line,ExpReptTransactionAccountingLine,ExpReptTransactionAccountingLine_transaction,DW_NS_EMPLOYEE_EXPENSE_REPORT_LINES_F,transaction
Employee Expense Report Transaction Accounting Line,ExpReptTransactionAccountingLine,ExpReptTransactionAccountingLine_transactionline,DW_NS_EMPLOYEE_EXPENSE_REPORT_LINES_F,id
Employee Expense Report Transaction Line,ExpReptTransactionLine,ExpReptTransactionLine_id,DW_NS_EMPLOYEE_EXPENSE_REPORT_LINES_F,id
Employee Expense Report Transaction Line,ExpReptTransactionLine,ExpReptTransactionLine_transaction,DW_NS_EMPLOYEE_EXPENSE_REPORT_LINES_F,transaction
Employee Expense Report Transactions,ExpReptTransactions,ExpReptTransactions_id,DW_NS_EMPLOYEE_EXPENSE_REPORT_F,id
Employee Expense Report Transactions,ExpReptTransactions,ExpReptTransactions_id,DW_NS_EMPLOYEE_EXPENSE_REPORT_LINES_F,transaction
Employee Expense Report Transactions,ExpReptTransactions,ExpReptTransactions_id,DW_NS_EMPLOYEE_EXPENSE_REPORT_SNAPSHOT_F,id
Employee Status,employeestatus,employeestatus_id,DW_NS_EMPLOYEESTATUS_D,id
Employee Type,EmployeeType,EmployeeType_id,DW_NS_EmployeeType_D,id
Entity,entity,entity_id,DW_NS_entity_D,id
Entity Address,EntityAddress,EntityAddress_nkey,DW_NS_EntityAddress_D,nkey
Entity Address Book,entityAddressbook,entityAddressbook_internalid,DW_NS_entityAddressbook_D,internalid
Entity Group,entityGroup,entityGroup_id,DW_NS_entityGroup_D,id
Entity Group Type,entityGroupType,entityGroupType_key,DW_NS_entityGroupType_D,key
Entity Status,EntityStatus,EntityStatus_key,DW_NS_EntityStatus_D,key
Estimate Transaction Accounting Line,EstimateTransactionAccountingLine,EstimateTransactionAccountingLine_accountingbook,DW_NS_ESTIMATE_LINES_F,accountingbook
Estimate Transaction Accounting Line,EstimateTransactionAccountingLine,EstimateTransactionAccountingLine_transaction,DW_NS_ESTIMATE_LINES_F,transaction
Estimate Transaction Accounting Line,EstimateTransactionAccountingLine,EstimateTransactionAccountingLine_transactionline,DW_NS_ESTIMATE_LINES_F,id
Estimate Transaction Line,EstimateTransactionLine,EstimateTransactionLine_id,DW_NS_ESTIMATE_LINES_F,id
Estimate Transaction Line,EstimateTransactionLine,EstimateTransactionLine_transaction,DW_NS_ESTIMATE_LINES_F,transaction
Estimate Transactions,EstimateTransactions,EstimateTransactions_id,DW_NS_ESTIMATE_F,id
Estimate Transactions,EstimateTransactions,EstimateTransactions_id,DW_NS_ESTIMATE_LINES_F,transaction
Event Frequency,EventFrequency,EventFrequency_key,DW_NS_EventFrequency_D,key
Event Priority,EventPriority,EventPriority_id,DW_NS_EventPriority_D,id
Expense Category,ExpenseCategory,ExpenseCategory_id,DW_NS_ExpenseCategory_D,id
File,File,File_id,DW_NS_File_D,id
Fiscal Calendar,fiscalCalendar,fiscalCalendar_id,DW_NS_fiscalCalendar_D,id
Forecast Type,forecastType,forecastType_nkey,DW_NS_forecastType_D,nkey
Frequency Type,FrequencyType,FrequencyType_type,DW_NS_FrequencyType_D,type
Fulfillment Choice,fulfillmentChoice,fulfillmentChoice_key,DW_NS_fulfillmentChoice_D,key
Fulfillment Exception Reason,fulfillmentExceptionReason,fulfillmentExceptionReason_id,DW_NS_fulfillmentExceptionReason_D,id
Fulfillment Exception Type,FulfillmentExceptionType,FulfillmentExceptionType_key,DW_NS_FulfillmentExceptionType_D,key
Fulfillment Request Transaction Accounting Line,FftReqTransactionAccountingLine,FftReqTransactionAccountingLine_accountingbook,DW_NS_FULFILLMENT_REQUEST_LINES_F,accountingbook
Fulfillment Request Transaction Accounting Line,FftReqTransactionAccountingLine,FftReqTransactionAccountingLine_transaction,DW_NS_FULFILLMENT_REQUEST_LINES_F,transaction
Fulfillment Request Transaction Accounting Line,FftReqTransactionAccountingLine,FftReqTransactionAccountingLine_transactionline,DW_NS_FULFILLMENT_REQUEST_LINES_F,id
Fulfillment Request Transaction Line,FftReqTransactionLine,FftReqTransactionLine_id,DW_NS_FULFILLMENT_REQUEST_LINES_F,id
Fulfillment Request Transaction Line,FftReqTransactionLine,FftReqTransactionLine_transaction,DW_NS_FULFILLMENT_REQUEST_LINES_F,transaction
Fulfillment Request Transactions,FftReqTransactions,FftReqTransactions_id,DW_NS_FULFILLMENT_REQUEST_F,id
Fulfillment Request Transactions,FftReqTransactions,FftReqTransactions_id,DW_NS_FULFILLMENT_REQUEST_LINES_F,transaction
Fulfillment Request Type,FulfillmentRequestType,FulfillmentRequestType_key,DW_NS_FulfillmentRequestType_D,key
GL Impact Adjustment Transaction Accounting Line,GLAdjTransactionAccountingLine,GLAdjTransactionAccountingLine_accountingbook,DW_NS_GL_IMPACT_ADJUST_LINES_F,accountingbook
GL Impact Adjustment Transaction Accounting Line,GLAdjTransactionAccountingLine,GLAdjTransactionAccountingLine_transaction,DW_NS_GL_IMPACT_ADJUST_LINES_F,transaction
GL Impact Adjustment Transaction Accounting Line,GLAdjTransactionAccountingLine,GLAdjTransactionAccountingLine_transactionline,DW_NS_GL_IMPACT_ADJUST_LINES_F,id
GL Impact Adjustment Transaction Line,GLAdjTransactionLine,GLAdjTransactionLine_id,DW_NS_GL_IMPACT_ADJUST_LINES_F,id
GL Impact Adjustment Transaction Line,GLAdjTransactionLine,GLAdjTransactionLine_transaction,DW_NS_GL_IMPACT_ADJUST_LINES_F,transaction
GL Impact Adjustment Transactions,GLAdjTransactions,GLAdjTransactions_id,DW_NS_GL_IMPACT_ADJUST_F,id
GL Impact Adjustment Transactions,GLAdjTransactions,GLAdjTransactions_id,DW_NS_GL_IMPACT_ADJUST_LINES_F,transaction
Generalized Item,generalizedItem,generalizedItem_id,DW_NS_item_D,id
Generic Resource,GenericResource,GenericResource_id,DW_NS_GenericResource_D,id
Inbound Shipment,InboundShipment,InboundShipment_id,DW_NS_INBOUND_SHIPMENT_F,id
Inbound Shipment,InboundShipment,InboundShipment_id,DW_NS_INBOUND_SHIPMENT_ITEM_F,inboundshipment
Inbound Shipment,InboundShipment,InboundShipment_id,DW_NS_INBOUND_SHIPMENT_SNAPSHOT_F,id
Inbound Shipment Item,InboundShipmentItem,InboundShipmentItem_id,DW_NS_INBOUND_SHIPMENT_ITEM_F,id
International Commercial Term,IncoTerm,IncoTerm_id,DW_NS_IncoTerm_D,id
International Commercial Term Type,IncoTermType,IncoTermType_key,DW_NS_IncoTermType_D,key
Inventory Adjustment Transaction Accounting Line,InvAdjstTransactionAccountingLine,InvAdjstTransactionAccountingLine_accountingbook,DW_NS_INVENTORY_ADJUST_LINES_F,accountingbook
Inventory Adjustment Transaction Accounting Line,InvAdjstTransactionAccountingLine,InvAdjstTransactionAccountingLine_transaction,DW_NS_INVENTORY_ADJUST_LINES_F,transaction
Inventory Adjustment Transaction Accounting Line,InvAdjstTransactionAccountingLine,InvAdjstTransactionAccountingLine_transactionline,DW_NS_INVENTORY_ADJUST_LINES_F,id
Inventory Adjustment Transaction Line,InvAdjstTransactionLine,InvAdjstTransactionLine_id,DW_NS_INVENTORY_ADJUST_LINES_F,id
Inventory Adjustment Transaction Line,InvAdjstTransactionLine,InvAdjstTransactionLine_transaction,DW_NS_INVENTORY_ADJUST_LINES_F,transaction
Inventory Adjustment Transactions,InvAdjstTransactions,InvAdjstTransactions_id,DW_NS_INVENTORY_ADJUST_F,id
Inventory Adjustment Transactions,InvAdjstTransactions,InvAdjstTransactions_id,DW_NS_INVENTORY_ADJUST_LINES_F,transaction
Inventory Balance,InventoryBalance,InventoryBalance_binnumber,DW_NS_InventoryBalance_F,binnumber
Inventory Balance,InventoryBalance,InventoryBalance_inventorynumber,DW_NS_InventoryBalance_F,inventorynumber
Inventory Balance,InventoryBalance,InventoryBalance_inventorystatus,DW_NS_InventoryBalance_F,inventorystatus
Inventory Balance,InventoryBalance,InventoryBalance_item,DW_NS_InventoryBalance_F,item
Inventory Balance,InventoryBalance,InventoryBalance_location,DW_NS_InventoryBalance_F,location
Inventory Commit,InvtCommit,InvtCommit_key,DW_NS_InvtCommit_D,key
Inventory Cost Revaluation Transaction Accounting Line,InvRevalTransactionAccountingLine,InvRevalTransactionAccountingLine_accountingbook,DW_NS_INVENTORY_COST_REVAL_LINES_F,accountingbook
Inventory Cost Revaluation Transaction Accounting Line,InvRevalTransactionAccountingLine,InvRevalTransactionAccountingLine_transaction,DW_NS_INVENTORY_COST_REVAL_LINES_F,transaction
Inventory Cost Revaluation Transaction Accounting Line,InvRevalTransactionAccountingLine,InvRevalTransactionAccountingLine_transactionline,DW_NS_INVENTORY_COST_REVAL_LINES_F,id
Inventory Cost Revaluation Transaction Line,InvRevalTransactionLine,InvRevalTransactionLine_id,DW_NS_INVENTORY_COST_REVAL_LINES_F,id
Inventory Cost Revaluation Transaction Line,InvRevalTransactionLine,InvRevalTransactionLine_transaction,DW_NS_INVENTORY_COST_REVAL_LINES_F,transaction
Inventory Cost Revaluation Transactions,InvRevalTransactions,InvRevalTransactions_id,DW_NS_INVENTORY_COST_REVAL_F,id
Inventory Cost Revaluation Transactions,InvRevalTransactions,InvRevalTransactions_id,DW_NS_INVENTORY_COST_REVAL_LINES_F,transaction
Inventory Count Transaction Accounting Line,InvCountTransactionAccountingLine,InvCountTransactionAccountingLine_accountingbook,DW_NS_INVENTORY_COUNT_LINES_F,accountingbook
Inventory Count Transaction Accounting Line,InvCountTransactionAccountingLine,InvCountTransactionAccountingLine_transaction,DW_NS_INVENTORY_COUNT_LINES_F,transaction
Inventory Count Transaction Accounting Line,InvCountTransactionAccountingLine,InvCountTransactionAccountingLine_transactionline,DW_NS_INVENTORY_COUNT_LINES_F,id
Inventory Count Transaction Line,InvCountTransactionLine,InvCountTransactionLine_id,DW_NS_INVENTORY_COUNT_LINES_F,id
Inventory Count Transaction Line,InvCountTransactionLine,InvCountTransactionLine_transaction,DW_NS_INVENTORY_COUNT_LINES_F,transaction
Inventory Count Transactions,InvCountTransactions,InvCountTransactions_id,DW_NS_INVENTORY_COUNT_F,id
Inventory Count Transactions,InvCountTransactions,InvCountTransactions_id,DW_NS_INVENTORY_COUNT_LINES_F,transaction
Inventory Item Price,inventoryItemPrice,inventoryItemPrice_currencypage,DW_NS_INVENTORY_ITEM_PRICE_F,currency
Inventory Item Price,inventoryItemPrice,inventoryItemPrice_item,DW_NS_INVENTORY_ITEM_PRICE_F,item
Inventory Item Price,inventoryItemPrice,inventoryItemPrice_pricelevel,DW_NS_INVENTORY_ITEM_PRICE_F,pricelevel
Inventory Item Price,inventoryItemPrice,inventoryItemPrice_priceqty,DW_NS_INVENTORY_ITEM_PRICE_F,itemquantity_seqnum
Inventory Number,inventoryNumber,inventoryNumber_id,DW_NS_inventoryNumber_D,id
Inventory Number Location,InventoryNumberLocation,InventoryNumberLocation_inventorynumber,DW_NS_InventoryNumberLocation_F,inventorynumber
Inventory Number Location,InventoryNumberLocation,InventoryNumberLocation_location,DW_NS_InventoryNumberLocation_F,location
Inventory Status,inventoryStatus,inventoryStatus_id,DW_NS_inventoryStatus_D,id
Inventory Status Change Transaction Line,StatChngTransactionLine,StatChngTransactionLine_id,DW_NS_INVENTORY_STATUS_CHANGE_LINES_F,id
Inventory Status Change Transaction Line,StatChngTransactionLine,StatChngTransactionLine_transaction,DW_NS_INVENTORY_STATUS_CHANGE_LINES_F,transaction
Inventory Status Change Transactions,StatChngTransactions,StatChngTransactions_id,DW_NS_INVENTORY_STATUS_CHANGE_F,id
Inventory Status Change Transactions,StatChngTransactions,StatChngTransactions_id,DW_NS_INVENTORY_STATUS_CHANGE_LINES_F,transaction
Inventory Transfer Transaction Accounting Line,InvTrnfrTransactionAccountingLine,InvTrnfrTransactionAccountingLine_accountingbook,DW_NS_INVENTORY_TRANSFER_LINES_F,accountingbook
Inventory Transfer Transaction Accounting Line,InvTrnfrTransactionAccountingLine,InvTrnfrTransactionAccountingLine_transaction,DW_NS_INVENTORY_TRANSFER_LINES_F,transaction
Inventory Transfer Transaction Accounting Line,InvTrnfrTransactionAccountingLine,InvTrnfrTransactionAccountingLine_transactionline,DW_NS_INVENTORY_TRANSFER_LINES_F,id
Inventory Transfer Transaction Line,InvTrnfrTransactionLine,InvTrnfrTransactionLine_id,DW_NS_INVENTORY_TRANSFER_LINES_F,id
Inventory Transfer Transaction Line,InvTrnfrTransactionLine,InvTrnfrTransactionLine_transaction,DW_NS_INVENTORY_TRANSFER_LINES_F,transaction
Inventory Transfer Transactions,InvTrnfrTransactions,InvTrnfrTransactions_id,DW_NS_INVENTORY_TRANSFER_F,id
Inventory Transfer Transactions,InvTrnfrTransactions,InvTrnfrTransactions_id,DW_NS_INVENTORY_TRANSFER_LINES_F,transaction
Inventory Worksheet Transaction Accounting Line,InvWkshtTransactionAccountingLine,InvWkshtTransactionAccountingLine_accountingbook,DW_NS_INVENTORY_WORKSHEET_LINES_F,accountingbook
Inventory Worksheet Transaction Accounting Line,InvWkshtTransactionAccountingLine,InvWkshtTransactionAccountingLine_transaction,DW_NS_INVENTORY_WORKSHEET_LINES_F,transaction
Inventory Worksheet Transaction Accounting Line,InvWkshtTransactionAccountingLine,InvWkshtTransactionAccountingLine_transactionline,DW_NS_INVENTORY_WORKSHEET_LINES_F,id
Inventory Worksheet Transaction Line,InvWkshtTransactionLine,InvWkshtTransactionLine_id,DW_NS_INVENTORY_WORKSHEET_LINES_F,id
Inventory Worksheet Transaction Line,InvWkshtTransactionLine,InvWkshtTransactionLine_transaction,DW_NS_INVENTORY_WORKSHEET_LINES_F,transaction
Inventory Worksheet Transactions,InvWkshtTransactions,InvWkshtTransactions_id,DW_NS_INVENTORY_WORKSHEET_F,id
Inventory Worksheet Transactions,InvWkshtTransactions,InvWkshtTransactions_id,DW_NS_INVENTORY_WORKSHEET_LINES_F,transaction
Invoice Billing Address,invoiceBillingAddress,invoiceBillingAddress_nkey,DW_NS_invoiceBillingAddress_D,nkey
Invoice Group,InvoiceGroup,InvoiceGroup_id,DW_NS_InvoiceGroup_D,id
Invoice Group Status,invoiceGroupStatus,invoiceGroupStatus_id,DW_NS_invoiceGroupStatus_D,id
Invoice Shipping Address,invoiceShippingAddress,invoiceShippingAddress_nkey,DW_NS_invoiceShippingAddress_D,nkey
Issue,Issue,Issue_id,DW_NS_ISSUE_F,id
Issue Case Map,issueIssueCaseMap,issueIssueCaseMap_issue,DW_NS_ISSUE_CASE_MAP_G,issue
Issue Case Map,issueIssueCaseMap,issueIssueCaseMap_issuecase,DW_NS_ISSUE_CASE_MAP_G,issuecase
Issue Priority,IssuePriority,IssuePriority_id,DW_NS_IssuePriority_D,id
Issue Severity,IssueSeverity,IssueSeverity_id,DW_NS_IssueSeverity_D,id
Issue Status,IssueStatus,IssueStatus_id,DW_NS_IssueStatus_D,id
Item,item,item_id,DW_NS_item_D,id
Item Receipt Transaction Accounting Line,ItemRcptTransactionAccountingLine,ItemRcptTransactionAccountingLine_accountingbook,DW_NS_ITEM_RECEIPT_LINES_F,accountingbook
Item Receipt Transaction Accounting Line,ItemRcptTransactionAccountingLine,ItemRcptTransactionAccountingLine_transaction,DW_NS_ITEM_RECEIPT_LINES_F,transaction
Item Receipt Transaction Accounting Line,ItemRcptTransactionAccountingLine,ItemRcptTransactionAccountingLine_transactionline,DW_NS_ITEM_RECEIPT_LINES_F,id
Item Receipt Transaction Line,ItemRcptTransactionLine,ItemRcptTransactionLine_id,DW_NS_ITEM_RECEIPT_LINES_F,id
Item Receipt Transaction Line,ItemRcptTransactionLine,ItemRcptTransactionLine_transaction,DW_NS_ITEM_RECEIPT_LINES_F,transaction
Item Receipt Transactions,ItemRcptTransactions,ItemRcptTransactions_id,DW_NS_ITEM_RECEIPT_F,id
Item Receipt Transactions,ItemRcptTransactions,ItemRcptTransactions_id,DW_NS_ITEM_RECEIPT_LINES_F,transaction
Item Revenue Category,itemRevenueCategory,itemRevenueCategory_id,DW_NS_itemRevenueCategory_D,id
Item Shipment Transaction Accounting Line,ItemShipTransactionAccountingLine,ItemShipTransactionAccountingLine_accountingbook,DW_NS_ITEM_SHIPMENT_LINES_F,accountingbook
Item Shipment Transaction Accounting Line,ItemShipTransactionAccountingLine,ItemShipTransactionAccountingLine_transaction,DW_NS_ITEM_SHIPMENT_LINES_F,transaction
Item Shipment Transaction Accounting Line,ItemShipTransactionAccountingLine,ItemShipTransactionAccountingLine_transactionline,DW_NS_ITEM_SHIPMENT_LINES_F,id
Item Shipment Transaction Line,ItemShipTransactionLine,ItemShipTransactionLine_id,DW_NS_ITEM_SHIPMENT_LINES_F,id
Item Shipment Transaction Line,ItemShipTransactionLine,ItemShipTransactionLine_transaction,DW_NS_ITEM_SHIPMENT_LINES_F,transaction
Item Shipment Transactions,ItemShipTransactions,ItemShipTransactions_id,DW_NS_ITEM_SHIPMENT_F,id
Item Shipment Transactions,ItemShipTransactions,ItemShipTransactions_id,DW_NS_ITEM_SHIPMENT_LINES_F,transaction
Item Shipment Transactions,ItemShipTransactions,ItemShipTransactions_id,DW_NS_ITEM_SHIPMENT_SNAPSHOT_F,id
Item Source,ItemSource,ItemSource_key,DW_NS_ItemSource_D,key
Item Subtype,itemSubtype,itemSubtype_key,DW_NS_itemSubtype_D,key
Item Type,itemtype,itemtype_id,DW_NS_ITEMTYPE_D,id
Item Unit,itemUnit,itemUnit_key,DW_NS_itemUnit_D,key
Job,job,job_id,DW_NS_job_D,id
Job Resource Role,JobResourceRole,JobResourceRole_id,DW_NS_JobResourceRole_D,id
Journal Transaction Accounting Line,JournalTransactionAccountingLine,JournalTransactionAccountingLine_accountingbook,DW_NS_JOURNAL_LINES_F,accountingbook
Journal Transaction Accounting Line,JournalTransactionAccountingLine,JournalTransactionAccountingLine_transaction,DW_NS_JOURNAL_LINES_F,transaction
Journal Transaction Accounting Line,JournalTransactionAccountingLine,JournalTransactionAccountingLine_transactionline,DW_NS_JOURNAL_LINES_F,id
Journal Transaction Line,JournalTransactionLine,JournalTransactionLine_id,DW_NS_JOURNAL_LINES_F,id
Journal Transaction Line,JournalTransactionLine,JournalTransactionLine_transaction,DW_NS_JOURNAL_LINES_F,transaction
Journal Transactions,JournalTransactions,JournalTransactions_id,DW_NS_JOURNAL_F,id
Journal Transactions,JournalTransactions,JournalTransactions_id,DW_NS_JOURNAL_LINES_F,transaction
Lag Type,LagType,LagType_key,DW_NS_LagType_D,key
Language,Language,Language_deflocale,DW_NS_Language_D,deflocale
Limit Type,LimitType,LimitType_type,DW_NS_LimitType_D,type
Location,location,location_id,DW_NS_location_D,id
Location Type,LOCATIONTYPE,LOCATIONTYPE_id,DW_NS_LOCATIONTYPE_D,id
Manufacturing Cost Template,ManufacturingCostTemplate,ManufacturingCostTemplate_id,DW_NS_ManufacturingCostTemplate_D,id
Manufacturing Routing,ManufacturingRouting,ManufacturingRouting_id,DW_NS_ManufacturingRouting_D,id
Manufacturing Routing Routing Step,ManufacturingRoutingRoutingStep,ManufacturingRoutingRoutingStep_manufacturingrouting,DW_NS_ManufacturingRoutingRoutingStep_D,manufacturingrouting
Manufacturing Routing Routing Step,ManufacturingRoutingRoutingStep,ManufacturingRoutingRoutingStep_operationsequence,DW_NS_ManufacturingRoutingRoutingStep_D,operationsequence
Media Type,MediaType,MediaType_key,DW_NS_MediaType_D,key
Merchandise Hierarchy Level,MerchandiseHierarchyLevel,MerchandiseHierarchyLevel_id,DW_NS_MerchandiseHierarchyLevel_D,id
Merchandise Hierarchy Node,MerchandiseHierarchyNode,MerchandiseHierarchyNode_id,DW_NS_MerchandiseHierarchyNode_D,id
Merchandise Hierarchy Version,MerchandiseHierarchyVersion,MerchandiseHierarchyVersion_id,DW_NS_MerchandiseHierarchyVersion_D,id
Netting Settlement Transaction Accounting Line,NettStlmTransactionAccountingLine,NettStlmTransactionAccountingLine_accountingbook,DW_NS_NETTING_SETTLEMENT_LINES_F,accountingbook
Netting Settlement Transaction Accounting Line,NettStlmTransactionAccountingLine,NettStlmTransactionAccountingLine_transaction,DW_NS_NETTING_SETTLEMENT_LINES_F,transaction
Netting Settlement Transaction Accounting Line,NettStlmTransactionAccountingLine,NettStlmTransactionAccountingLine_transactionline,DW_NS_NETTING_SETTLEMENT_LINES_F,id
Netting Settlement Transaction Line,NettStlmTransactionLine,NettStlmTransactionLine_id,DW_NS_NETTING_SETTLEMENT_LINES_F,id
Netting Settlement Transaction Line,NettStlmTransactionLine,NettStlmTransactionLine_transaction,DW_NS_NETTING_SETTLEMENT_LINES_F,transaction
Netting Settlement Transactions,NettStlmTransactions,NettStlmTransactions_id,DW_NS_NETTING_SETTLEMENT_F,id
Netting Settlement Transactions,NettStlmTransactions,NettStlmTransactions_id,DW_NS_NETTING_SETTLEMENT_LINES_F,transaction
Nexus,Nexus,Nexus_id,DW_NS_Nexus_D,id
Opportunity Transaction Accounting Line,OpprtntyTransactionAccountingLine,OpprtntyTransactionAccountingLine_accountingbook,DW_NS_OPPORTUNITY_LINES_F,accountingbook
Opportunity Transaction Accounting Line,OpprtntyTransactionAccountingLine,OpprtntyTransactionAccountingLine_transaction,DW_NS_OPPORTUNITY_LINES_F,transaction
Opportunity Transaction Accounting Line,OpprtntyTransactionAccountingLine,OpprtntyTransactionAccountingLine_transactionline,DW_NS_OPPORTUNITY_LINES_F,id
Opportunity Transaction Line,OpprtntyTransactionLine,OpprtntyTransactionLine_id,DW_NS_OPPORTUNITY_LINES_F,id
Opportunity Transaction Line,OpprtntyTransactionLine,OpprtntyTransactionLine_transaction,DW_NS_OPPORTUNITY_LINES_F,transaction
Opportunity Transactions,OpprtntyTransactions,OpprtntyTransactions_id,DW_NS_OPPORTUNITY_F,id
Opportunity Transactions,OpprtntyTransactions,OpprtntyTransactions_id,DW_NS_OPPORTUNITY_LINES_F,transaction
Opportunity Transactions,OpprtntyTransactions,OpprtntyTransactions_id,DW_NS_OPPORTUNITY_SNAPSHOT_F,id
Ownership Transfer Transaction Accounting Line,OwnTrnsfTransactionAccountingLine,OwnTrnsfTransactionAccountingLine_accountingbook,DW_NS_OWNERSHIP_TRANSFER_LINES_F,accountingbook
Ownership Transfer Transaction Accounting Line,OwnTrnsfTransactionAccountingLine,OwnTrnsfTransactionAccountingLine_transaction,DW_NS_OWNERSHIP_TRANSFER_LINES_F,transaction
Ownership Transfer Transaction Accounting Line,OwnTrnsfTransactionAccountingLine,OwnTrnsfTransactionAccountingLine_transactionline,DW_NS_OWNERSHIP_TRANSFER_LINES_F,id
Ownership Transfer Transaction Line,OwnTrnsfTransactionLine,OwnTrnsfTransactionLine_id,DW_NS_OWNERSHIP_TRANSFER_LINES_F,id
Ownership Transfer Transaction Line,OwnTrnsfTransactionLine,OwnTrnsfTransactionLine_transaction,DW_NS_OWNERSHIP_TRANSFER_LINES_F,transaction
Ownership Transfer Transactions,OwnTrnsfTransactions,OwnTrnsfTransactions_id,DW_NS_OWNERSHIP_TRANSFER_F,id
Ownership Transfer Transactions,OwnTrnsfTransactions,OwnTrnsfTransactions_id,DW_NS_OWNERSHIP_TRANSFER_LINES_F,transaction
Partner,Partner,Partner_id,DW_NS_Partner_D,id
Paycheck Journal Transaction Accounting Line,PChkJrnlTransactionAccountingLine,PChkJrnlTransactionAccountingLine_accountingbook,DW_NS_PAYCHECK_JOURNAL_LINES_F,accountingbook
Paycheck Journal Transaction Accounting Line,PChkJrnlTransactionAccountingLine,PChkJrnlTransactionAccountingLine_transaction,DW_NS_PAYCHECK_JOURNAL_LINES_F,transaction
Paycheck Journal Transaction Accounting Line,PChkJrnlTransactionAccountingLine,PChkJrnlTransactionAccountingLine_transactionline,DW_NS_PAYCHECK_JOURNAL_LINES_F,id
Paycheck Journal Transaction Line,PChkJrnlTransactionLine,PChkJrnlTransactionLine_id,DW_NS_PAYCHECK_JOURNAL_LINES_F,id
Paycheck Journal Transaction Line,PChkJrnlTransactionLine,PChkJrnlTransactionLine_transaction,DW_NS_PAYCHECK_JOURNAL_LINES_F,transaction
Paycheck Journal Transactions,PChkJrnlTransactions,PChkJrnlTransactions_id,DW_NS_PAYCHECK_JOURNAL_F,id
Paycheck Journal Transactions,PChkJrnlTransactions,PChkJrnlTransactions_id,DW_NS_PAYCHECK_JOURNAL_LINES_F,transaction
Paycheck Transaction Accounting Line,PaycheckTransactionAccountingLine,PaycheckTransactionAccountingLine_accountingbook,DW_NS_PAYCHECK_LINES_F,accountingbook
Paycheck Transaction Accounting Line,PaycheckTransactionAccountingLine,PaycheckTransactionAccountingLine_transaction,DW_NS_PAYCHECK_LINES_F,transaction
Paycheck Transaction Accounting Line,PaycheckTransactionAccountingLine,PaycheckTransactionAccountingLine_transactionline,DW_NS_PAYCHECK_LINES_F,id
Paycheck Transaction Line,PaycheckTransactionLine,PaycheckTransactionLine_id,DW_NS_PAYCHECK_LINES_F,id
Paycheck Transaction Line,PaycheckTransactionLine,PaycheckTransactionLine_transaction,DW_NS_PAYCHECK_LINES_F,transaction
Paycheck Transactions,PaycheckTransactions,PaycheckTransactions_id,DW_NS_PAYCHECK_F,id
Paycheck Transactions,PaycheckTransactions,PaycheckTransactions_id,DW_NS_PAYCHECK_LINES_F,transaction
Payment Instrument,paymentInstrument,paymentInstrument_id,DW_NS_paymentInstrument_D,id
Payment Instrument Type,paymentInstrumentType,paymentInstrumentType_key,DW_NS_paymentInstrumentType_D,key
Payment Method,paymentMethod,paymentMethod_id,DW_NS_paymentMethod_D,id
Payroll Batch,payrollBatch,payrollBatch_id,DW_NS_payrollBatch_D,id
Payroll Item,payrollItem,payrollItem_id,DW_NS_payrollItem_D,id
Payroll Item Group,PayrollItemGroup,PayrollItemGroup_id,DW_NS_PayrollItemGroup_D,id
Payroll Item Type,payItemType,payItemType_key,DW_NS_payItemType_D,key
Pick Action,PickAction,PickAction_id,DW_NS_WAVE_PICK_ACTION_F,id
Pick Task,pickTask,pickTask_id,DW_NS_WAVE_PICK_TASK_F,id
Planned Revenue Type,plannedRevenueType,plannedRevenueType_key,DW_NS_plannedRevenueType_D,key
Price Book,priceBook,priceBook_id,DW_NS_priceBook_D,id
Price Book Line Interval,priceBookLineInterval,priceBookLineInterval_id,DW_NS_priceBookLineInterval_D,id
Price Level,pricelevel,pricelevel_id,DW_NS_priceLevel_D,id
Project Expense Type,projectExpenseType,projectExpenseType_id,DW_NS_projectExpenseType_D,id
Project Task,projectTask,projectTask_id,DW_NS_projectTask_D,id
Project Task Constraint Type,projectTaskConstraintType,projectTaskConstraintType_key,DW_NS_projectTaskConstraintType_D,key
Project Time Approval Type,ProjectTimeApprovalType,ProjectTimeApprovalType_id,DW_NS_ProjectTimeApprovalType_D,id
Prorated By,ProrateBy,ProrateBy_key,DW_NS_ProrateBy_D,key
Purchase Contract Transaction Accounting Line,PurchConTransactionAccountingLine,PurchConTransactionAccountingLine_accountingbook,DW_NS_PURCHASE_CONTRACT_LINES_F,accountingbook
Purchase Contract Transaction Accounting Line,PurchConTransactionAccountingLine,PurchConTransactionAccountingLine_transaction,DW_NS_PURCHASE_CONTRACT_LINES_F,transaction
Purchase Contract Transaction Accounting Line,PurchConTransactionAccountingLine,PurchConTransactionAccountingLine_transactionline,DW_NS_PURCHASE_CONTRACT_LINES_F,id
Purchase Contract Transaction Line,PurchConTransactionLine,PurchConTransactionLine_id,DW_NS_PURCHASE_CONTRACT_LINES_F,id
Purchase Contract Transaction Line,PurchConTransactionLine,PurchConTransactionLine_transaction,DW_NS_PURCHASE_CONTRACT_LINES_F,transaction
Purchase Contract Transactions,PurchConTransactions,PurchConTransactions_id,DW_NS_PURCHASE_CONTRACT_F,id
Purchase Contract Transactions,PurchConTransactions,PurchConTransactions_id,DW_NS_PURCHASE_CONTRACT_LINES_F,transaction
Purchase Order Billing Address,purchaseOrderBillingAddress,purchaseOrderBillingAddress_nkey,DW_NS_purchaseOrderBillingAddress_D,nkey
Purchase Order Shipping Address,purchaseOrderShippingAddress,purchaseOrderShippingAddress_nkey,DW_NS_purchaseOrderShippingAddress_D,nkey
Purchase Order Transaction Accounting Line,PurchOrdTransactionAccountingLine,PurchOrdTransactionAccountingLine_accountingbook,DW_NS_PURCHASE_ORDER_LINES_F,accountingbook
Purchase Order Transaction Accounting Line,PurchOrdTransactionAccountingLine,PurchOrdTransactionAccountingLine_transaction,DW_NS_PURCHASE_ORDER_LINES_F,transaction
Purchase Order Transaction Accounting Line,PurchOrdTransactionAccountingLine,PurchOrdTransactionAccountingLine_transactionline,DW_NS_PURCHASE_ORDER_LINES_F,id
Purchase Order Transaction Line,PurchOrdTransactionLine,PurchOrdTransactionLine_id,DW_NS_PURCHASE_ORDER_LINES_F,id
Purchase Order Transaction Line,PurchOrdTransactionLine,PurchOrdTransactionLine_transaction,DW_NS_PURCHASE_ORDER_LINES_F,transaction
Purchase Order Transactions,PurchOrdTransactions,PurchOrdTransactions_id,DW_NS_PURCHASE_ORDER_F,id
Purchase Order Transactions,PurchOrdTransactions,PurchOrdTransactions_id,DW_NS_PURCHASE_ORDER_LINES_F,transaction
Purchase Order Transactions,PurchOrdTransactions,PurchOrdTransactions_id,DW_NS_PURCHASE_ORDER_SNAPSHOT_F,id
Purchase Requisition Transaction Accounting Line,PurchReqTransactionAccountingLine,PurchReqTransactionAccountingLine_accountingbook,DW_NS_PURCHASE_REQUISITION_LINES_F,accountingbook
Purchase Requisition Transaction Accounting Line,PurchReqTransactionAccountingLine,PurchReqTransactionAccountingLine_transaction,DW_NS_PURCHASE_REQUISITION_LINES_F,transaction
Purchase Requisition Transaction Accounting Line,PurchReqTransactionAccountingLine,PurchReqTransactionAccountingLine_transactionline,DW_NS_PURCHASE_REQUISITION_LINES_F,id
Purchase Requisition Transaction Line,PurchReqTransactionLine,PurchReqTransactionLine_id,DW_NS_PURCHASE_REQUISITION_LINES_F,id
Purchase Requisition Transaction Line,PurchReqTransactionLine,PurchReqTransactionLine_transaction,DW_NS_PURCHASE_REQUISITION_LINES_F,transaction
Purchase Requisition Transactions,PurchReqTransactions,PurchReqTransactions_id,DW_NS_PURCHASE_REQUISITION_F,id
Purchase Requisition Transactions,PurchReqTransactions,PurchReqTransactions_id,DW_NS_PURCHASE_REQUISITION_LINES_F,transaction
Ratable Event Type,ratableEventType,ratableEventType_id,DW_NS_ratableEventType_D,id
Reforecast Method,reforecastMethod,reforecastMethod_key,DW_NS_reforecastMethod_D,key
Reporting Section,reportingSection,reportingSection_key,DW_NS_reportingSection_D,key
Return Authorization Transaction Accounting Line,RtnAuthTransactionAccountingLine,RtnAuthTransactionAccountingLine_accountingbook,DW_NS_RETURN_AUTH_LINES_F,accountingbook
Return Authorization Transaction Accounting Line,RtnAuthTransactionAccountingLine,RtnAuthTransactionAccountingLine_transaction,DW_NS_RETURN_AUTH_LINES_F,transaction
Return Authorization Transaction Accounting Line,RtnAuthTransactionAccountingLine,RtnAuthTransactionAccountingLine_transactionline,DW_NS_RETURN_AUTH_LINES_F,id
Return Authorization Transaction Line,RtnAuthTransactionLine,RtnAuthTransactionLine_id,DW_NS_RETURN_AUTH_LINES_F,id
Return Authorization Transaction Line,RtnAuthTransactionLine,RtnAuthTransactionLine_transaction,DW_NS_RETURN_AUTH_LINES_F,transaction
Return Authorization Transactions,RtnAuthTransactions,RtnAuthTransactions_id,DW_NS_RETURN_AUTH_F,id
Return Authorization Transactions,RtnAuthTransactions,RtnAuthTransactions_id,DW_NS_RETURN_AUTH_LINES_F,transaction
Return Authorization Transactions,RtnAuthTransactions,RtnAuthTransactions_id,DW_NS_RETURN_AUTH_SNAPSHOT_F,id
Revenue Allocation Group,revenueAllocationgroup,revenueAllocationgroup_id,DW_NS_revenueAllocationgroup_D,id
Revenue Arrangement Transaction Accounting Line,RevArrngTransactionAccountingLine,RevArrngTransactionAccountingLine_accountingbook,DW_NS_REVENUE_ARRANGEMENT_LINES_F,accountingbook
Revenue Arrangement Transaction Accounting Line,RevArrngTransactionAccountingLine,RevArrngTransactionAccountingLine_transaction,DW_NS_REVENUE_ARRANGEMENT_LINES_F,transaction
Revenue Arrangement Transaction Accounting Line,RevArrngTransactionAccountingLine,RevArrngTransactionAccountingLine_transactionline,DW_NS_REVENUE_ARRANGEMENT_LINES_F,id
Revenue Arrangement Transaction Line,RevArrngTransactionLine,RevArrngTransactionLine_id,DW_NS_REVENUE_ARRANGEMENT_LINES_F,id
Revenue Arrangement Transaction Line,RevArrngTransactionLine,RevArrngTransactionLine_transaction,DW_NS_REVENUE_ARRANGEMENT_LINES_F,transaction
Revenue Arrangement Transactions,RevArrngTransactions,RevArrngTransactions_id,DW_NS_REVENUE_ARRANGEMENT_F,id
Revenue Arrangement Transactions,RevArrngTransactions,RevArrngTransactions_id,DW_NS_REVENUE_ARRANGEMENT_LINES_F,transaction
Revenue Arrangement Transactions,RevArrngTransactions,RevArrngTransactions_id,DW_NS_REVENUE_ARRANGEMENT_SNAPSHOT_F,id
Revenue Commitment Reversal Transaction Accounting Line,RevComRvTransactionAccountingLine,RevComRvTransactionAccountingLine_accountingbook,DW_NS_REVENUE_COMMITMENT_REVERSAL_LINES_F,accountingbook
Revenue Commitment Reversal Transaction Accounting Line,RevComRvTransactionAccountingLine,RevComRvTransactionAccountingLine_transaction,DW_NS_REVENUE_COMMITMENT_REVERSAL_LINES_F,transaction
Revenue Commitment Reversal Transaction Accounting Line,RevComRvTransactionAccountingLine,RevComRvTransactionAccountingLine_transactionline,DW_NS_REVENUE_COMMITMENT_REVERSAL_LINES_F,id
Revenue Commitment Reversal Transaction Line,RevComRvTransactionLine,RevComRvTransactionLine_id,DW_NS_REVENUE_COMMITMENT_REVERSAL_LINES_F,id
Revenue Commitment Reversal Transaction Line,RevComRvTransactionLine,RevComRvTransactionLine_transaction,DW_NS_REVENUE_COMMITMENT_REVERSAL_LINES_F,transaction
Revenue Commitment Reversal Transactions,RevComRvTransactions,RevComRvTransactions_id,DW_NS_REVENUE_COMMITMENT_REVERSAL_F,id
Revenue Commitment Reversal Transactions,RevComRvTransactions,RevComRvTransactions_id,DW_NS_REVENUE_COMMITMENT_REVERSAL_LINES_F,transaction
Revenue Commitment Transaction Accounting Line,RevCommTransactionAccountingLine,RevCommTransactionAccountingLine_accountingbook,DW_NS_REVENUE_COMMITMENT_LINES_F,accountingbook
Revenue Commitment Transaction Accounting Line,RevCommTransactionAccountingLine,RevCommTransactionAccountingLine_transaction,DW_NS_REVENUE_COMMITMENT_LINES_F,transaction
Revenue Commitment Transaction Accounting Line,RevCommTransactionAccountingLine,RevCommTransactionAccountingLine_transactionline,DW_NS_REVENUE_COMMITMENT_LINES_F,id
Revenue Commitment Transaction Line,RevCommTransactionLine,RevCommTransactionLine_id,DW_NS_REVENUE_COMMITMENT_LINES_F,id
Revenue Commitment Transaction Line,RevCommTransactionLine,RevCommTransactionLine_transaction,DW_NS_REVENUE_COMMITMENT_LINES_F,transaction
Revenue Commitment Transactions,RevCommTransactions,RevCommTransactions_id,DW_NS_REVENUE_COMMITMENT_F,id
Revenue Commitment Transactions,RevCommTransactions,RevCommTransactions_id,DW_NS_REVENUE_COMMITMENT_LINES_F,transaction
Revenue Element,RevenueElement,RevenueElement_id,DW_NS_REVENUE_ARRANGEMENT_LINES_F,revenueelement
Revenue Element,RevenueElement,RevenueElement_id,DW_NS_REVENUE_ELEMENT_F,id
Revenue Plan,RevenuePlan,RevenuePlan_id,DW_NS_REVENUE_PLAN_F,id
Revenue Plan Planned Revenue,revenuePlanPlannedRevenue,revenuePlanPlannedRevenue_id,DW_NS_REVENUE_PLAN_DETAILS_F,id
Revenue Plan Status,revenuePlanStatus,revenuePlanStatus_key,DW_NS_revenuePlanStatus_D,key
Revenue Plan Type,revenuePlanType,revenuePlanType_key,DW_NS_revenuePlanType_D,key
Revenue Recognition Amount Source Type,revRecAmountSourceType,revRecAmountSourceType_key,DW_NS_revRecAmountSourceType_D,key
Revenue Recognition Change Impact Type,revRecChangeImpactType,revRecChangeImpactType_key,DW_NS_revRecChangeImpactType_D,key
Revenue Recognition Date Source Type,revRecDateSourceType,revRecDateSourceType_key,DW_NS_revRecDateSourceType_D,key
Revenue Recognition Recurrence Type,revRecRecurrenceType,revRecRecurrenceType_key,DW_NS_revRecRecurrenceType_D,key
Revenue Recognition Rule,RevenueRecognitionRule,RevenueRecognitionRule_id,DW_NS_RevenueRecognitionRule_D,id
Revenue Recognition Schedule,RevRecSchedule,RevRecSchedule_id,DW_NS_RevRecSchedule_D,id
Sales Order Transaction Accounting Line,SalesOrdTransactionAccountingLine,SalesOrdTransactionAccountingLine_accountingbook,DW_NS_SALES_ORDER_LINES_F,accountingbook
Sales Order Transaction Accounting Line,SalesOrdTransactionAccountingLine,SalesOrdTransactionAccountingLine_transaction,DW_NS_SALES_ORDER_LINES_F,transaction
Sales Order Transaction Accounting Line,SalesOrdTransactionAccountingLine,SalesOrdTransactionAccountingLine_transactionline,DW_NS_SALES_ORDER_LINES_F,id
Sales Order Transaction Line,SalesOrdTransactionLine,SalesOrdTransactionLine_id,DW_NS_SALES_ORDER_LINES_F,id
Sales Order Transaction Line,SalesOrdTransactionLine,SalesOrdTransactionLine_transaction,DW_NS_SALES_ORDER_LINES_F,transaction
Sales Order Transactions,SalesOrdTransactions,SalesOrdTransactions_id,DW_NS_SALES_ORDER_F,id
Sales Order Transactions,SalesOrdTransactions,SalesOrdTransactions_id,DW_NS_SALES_ORDER_LINES_F,transaction
Sales Order Transactions,SalesOrdTransactions,SalesOrdTransactions_id,DW_NS_SALES_ORDER_SNAPSHOT_F,id
Sales Tax Item,salesTaxItem,salesTaxItem_id,DW_NS_item_D,id
Scheduling Method,schedulingMethod,schedulingMethod_key,DW_NS_schedulingMethod_D,key
Shipping Item,ShipItem,ShipItem_id,DW_NS_ShipItem_D,id
Special Account Type,specialAccountType,specialAccountType_id,DW_NS_ACCOUNTTYPE_D,id
State,state,state_country,DW_NS_state_D,country
State,state,state_shortname,DW_NS_state_D,shortname
Statement Charge Accounting Line,CustChrgTransactionAccountingLine,CustChrgTransactionAccountingLine_accountingbook,DW_NS_STATEMENT_CHARGE_LINES_F,accountingbook
Statement Charge Accounting Line,CustChrgTransactionAccountingLine,CustChrgTransactionAccountingLine_transaction,DW_NS_STATEMENT_CHARGE_LINES_F,transaction
Statement Charge Accounting Line,CustChrgTransactionAccountingLine,CustChrgTransactionAccountingLine_transactionline,DW_NS_STATEMENT_CHARGE_LINES_F,id
Statement Charge Transaction Line,CustChrgTransactionLine,CustChrgTransactionLine_id,DW_NS_STATEMENT_CHARGE_LINES_F,id
Statement Charge Transaction Line,CustChrgTransactionLine,CustChrgTransactionLine_transaction,DW_NS_STATEMENT_CHARGE_LINES_F,transaction
Statement Charge Transactions,CustChrgTransactions,CustChrgTransactions_id,DW_NS_STATEMENT_CHARGE_F,id
Statement Charge Transactions,CustChrgTransactions,CustChrgTransactions_id,DW_NS_STATEMENT_CHARGE_LINES_F,transaction
Statistical Journal Entry,StatisticalJournalEntry,StatisticalJournalEntry_id,DW_NS_STATISTICAL_JOURNAL_F,id
Statistical Journal Entry Line,StatisticalJournalEntryLine,StatisticalJournalEntryLine_journal,DW_NS_STATISTICAL_JOURNAL_LINES_F,journal
Statistical Journal Entry Line,StatisticalJournalEntryLine,StatisticalJournalEntryLine_line,DW_NS_STATISTICAL_JOURNAL_LINES_F,line
Status Type,StatusType,StatusType_type,DW_NS_StatusType_D,type
Store Pickup Fulfillment Accounting Line,StPickUpTransactionAccountingLine,StPickUpTransactionAccountingLine_accountingbook,DW_NS_STORE_PICKUP_FULFILLMENT_LINES_F,accountingbook
Store Pickup Fulfillment Accounting Line,StPickUpTransactionAccountingLine,StPickUpTransactionAccountingLine_transaction,DW_NS_STORE_PICKUP_FULFILLMENT_LINES_F,transaction
Store Pickup Fulfillment Accounting Line,StPickUpTransactionAccountingLine,StPickUpTransactionAccountingLine_transactionline,DW_NS_STORE_PICKUP_FULFILLMENT_LINES_F,id
Store Pickup Fulfillment Transaction Line,StPickUpTransactionLine,StPickUpTransactionLine_id,DW_NS_STORE_PICKUP_FULFILLMENT_LINES_F,id
Store Pickup Fulfillment Transaction Line,StPickUpTransactionLine,StPickUpTransactionLine_transaction,DW_NS_STORE_PICKUP_FULFILLMENT_LINES_F,transaction
Store Pickup Fulfillment Transactions,StPickUpTransactions,StPickUpTransactions_id,DW_NS_STORE_PICKUP_FULFILLMENT_F,id
Store Pickup Fulfillment Transactions,StPickUpTransactions,StPickUpTransactions_id,DW_NS_STORE_PICKUP_FULFILLMENT_LINES_F,transaction
Subscription,subscription,subscription_id,DW_NS_SUBSCRIPTIONS_F,id
Subscription,subscription,subscription_id,DW_NS_SUBSCRIPTION_LINES_F,subscription
Subscription Change Order,subscriptionChangeOrder,subscriptionChangeOrder_id,DW_NS_subscriptionChangeOrder_F,id
Subscription Change Order Status,subscriptionChangeOrderStatus,subscriptionChangeOrderStatus_key,DW_NS_subscriptionChangeOrderStatus_D,key
Subscription Line,subscriptionLine,subscriptionLine_id,DW_NS_SUBSCRIPTION_LINES_F,id
Subscription Line Status,subscriptionLineStatus,subscriptionLineStatus_key,DW_NS_subscriptionLineStatus_D,key
Subscription Line Type,SubscriptionLineType,SubscriptionLineType_key,DW_NS_SubscriptionLineType_D,key
Subscription Plan,subscriptionPlan,subscriptionPlan_id,DW_NS_subscriptionPlan_D,id
Subscription Plan Member,subscriptionPlanMember,subscriptionPlanMember_id,DW_NS_subscriptionPlanMember_D,id
Subscription Plan Subsidiary Map,subscriptionPlanSubsidiaryMap,subscriptionPlanSubsidiaryMap_item,DW_NS_subscriptionPlanSubsidiaryMap_G,item
Subscription Plan Subsidiary Map,subscriptionPlanSubsidiaryMap,subscriptionPlanSubsidiaryMap_subsidiary,DW_NS_subscriptionPlanSubsidiaryMap_G,subsidiary
Subscription Revenue Recognition Option,subscriptionRevRecOption,subscriptionRevRecOption_key,DW_NS_subscriptionRevRecOption_D,key
Subscription Term,subscriptionTerm,subscriptionTerm_id,DW_NS_subscriptionTerm_D,id
Subscription Term Type,subscriptiontermtype,subscriptiontermtype_key,DW_NS_subscriptiontermtype_D,key
Subscription Term Unit,subscriptiontermunit,subscriptiontermunit_id,DW_NS_subscriptiontermunit_D,id
Subsidiary,subsidiary,subsidiary_id,DW_NS_subsidiary_D,id
Support Case,supportCase,supportCase_id,DW_NS_SUPPORT_CASE_F,id
Support Case Issue,supportCaseIssue,supportCaseIssue_id,DW_NS_supportCaseIssue_D,id
Support Case Origin,supportCaseOrigin,supportCaseOrigin_id,DW_NS_supportCaseOrigin_D,id
Support Case Priority,supportCasePriority,supportCasePriority_id,DW_NS_supportCasePriority_D,id
Support Case Status,supportCaseStatus,supportCaseStatus_id,DW_NS_supportCaseStatus_D,id
Support Case Type,supportCaseType,supportCaseType_id,DW_NS_supportCaseType_D,id
System Journal Transaction Accounting Line,SysJrnlTransactionAccountingLine,SysJrnlTransactionAccountingLine_accountingbook,DW_NS_SYSTEM_JOURNAL_LINES_F,accountingbook
System Journal Transaction Accounting Line,SysJrnlTransactionAccountingLine,SysJrnlTransactionAccountingLine_transaction,DW_NS_SYSTEM_JOURNAL_LINES_F,transaction
System Journal Transaction Accounting Line,SysJrnlTransactionAccountingLine,SysJrnlTransactionAccountingLine_transactionline,DW_NS_SYSTEM_JOURNAL_LINES_F,id
System Journal Transaction Line,SysJrnlTransactionLine,SysJrnlTransactionLine_id,DW_NS_SYSTEM_JOURNAL_LINES_F,id
System Journal Transaction Line,SysJrnlTransactionLine,SysJrnlTransactionLine_transaction,DW_NS_SYSTEM_JOURNAL_LINES_F,transaction
System Journal Transactions,SysJrnlTransactions,SysJrnlTransactions_id,DW_NS_SYSTEM_JOURNAL_F,id
Tax Liability Cheque Transaction Accounting Line,TaxLiabTransactionAccountingLine,TaxLiabTransactionAccountingLine_accountingbook,DW_NS_TAX_LIABILITY_CHEQUE_LINES_F,accountingbook
Tax Liability Cheque Transaction Accounting Line,TaxLiabTransactionAccountingLine,TaxLiabTransactionAccountingLine_transaction,DW_NS_TAX_LIABILITY_CHEQUE_LINES_F,transaction
Tax Liability Cheque Transaction Accounting Line,TaxLiabTransactionAccountingLine,TaxLiabTransactionAccountingLine_transactionline,DW_NS_TAX_LIABILITY_CHEQUE_LINES_F,id
Tax Liability Cheque Transaction Line,TaxLiabTransactionLine,TaxLiabTransactionLine_id,DW_NS_TAX_LIABILITY_CHEQUE_LINES_F,id
Tax Liability Cheque Transaction Line,TaxLiabTransactionLine,TaxLiabTransactionLine_transaction,DW_NS_TAX_LIABILITY_CHEQUE_LINES_F,transaction
Tax Liability Cheque Transactions,TaxLiabTransactions,TaxLiabTransactions_id,DW_NS_TAX_LIABILITY_CHEQUE_F,id
Tax Liability Cheque Transactions,TaxLiabTransactions,TaxLiabTransactions_id,DW_NS_TAX_LIABILITY_CHEQUE_LINES_F,transaction
Tax Payment Transaction Accounting Line,TaxPymtTransactionAccountingLine,TaxPymtTransactionAccountingLine_accountingbook,DW_NS_TAX_PAYMENT_LINES_F,accountingbook
Tax Payment Transaction Accounting Line,TaxPymtTransactionAccountingLine,TaxPymtTransactionAccountingLine_transaction,DW_NS_TAX_PAYMENT_LINES_F,transaction
Tax Payment Transaction Accounting Line,TaxPymtTransactionAccountingLine,TaxPymtTransactionAccountingLine_transactionline,DW_NS_TAX_PAYMENT_LINES_F,id
Tax Payment Transaction Line,TaxPymtTransactionLine,TaxPymtTransactionLine_id,DW_NS_TAX_PAYMENT_LINES_F,id
Tax Payment Transaction Line,TaxPymtTransactionLine,TaxPymtTransactionLine_transaction,DW_NS_TAX_PAYMENT_LINES_F,transaction
Tax Payment Transactions,TaxPymtTransactions,TaxPymtTransactions_id,DW_NS_TAX_PAYMENT_F,id
Tax Payment Transactions,TaxPymtTransactions,TaxPymtTransactions_id,DW_NS_TAX_PAYMENT_LINES_F,transaction
Tax Type,taxType,taxType_id,DW_NS_taxType_D,id
Term,term,term_id,DW_NS_term_D,id
Time Bill,TimeBill,TimeBill_id,DW_NS_TIMESHEET_DETAILS_F,id
Time Bill,TimeBill,TimeBill_id,DW_NS_TIME_TRACKING_F,id
Timeline Approval Status,timeLineApprovalStatus,timeLineApprovalStatus_key,DW_NS_timeLineApprovalStatus_D,key
Timeline Type,TimelineType,TimelineType_type,DW_NS_TimelineType_D,type
Timesheet,timeSheet,timeSheet_id,DW_NS_TIMESHEET_F,id
Transaction Billing Address,transactionBillingAddress,transactionBillingAddress_nkey,DW_NS_transactionBillingAddress_D,nkey
Transaction Shipping Address,transactionShippingAddress,transactionShippingAddress_nkey,DW_NS_transactionShippingAddress_D,nkey
Transfer Order Transaction Accounting Line,TrnfrOrdTransactionAccountingLine,TrnfrOrdTransactionAccountingLine_accountingbook,DW_NS_TRANSFER_ORDER_LINES_F,accountingbook
Transfer Order Transaction Accounting Line,TrnfrOrdTransactionAccountingLine,TrnfrOrdTransactionAccountingLine_transaction,DW_NS_TRANSFER_ORDER_LINES_F,transaction
Transfer Order Transaction Accounting Line,TrnfrOrdTransactionAccountingLine,TrnfrOrdTransactionAccountingLine_transactionline,DW_NS_TRANSFER_ORDER_LINES_F,id
Transfer Order Transaction Line,TrnfrOrdTransactionLine,TrnfrOrdTransactionLine_id,DW_NS_TRANSFER_ORDER_LINES_F,id
Transfer Order Transaction Line,TrnfrOrdTransactionLine,TrnfrOrdTransactionLine_transaction,DW_NS_TRANSFER_ORDER_LINES_F,transaction
Transfer Order Transactions,TrnfrOrdTransactions,TrnfrOrdTransactions_id,DW_NS_TRANSFER_ORDER_F,id
Transfer Order Transactions,TrnfrOrdTransactions,TrnfrOrdTransactions_id,DW_NS_TRANSFER_ORDER_LINES_F,transaction
Transfer Transaction Accounting Line,TransferTransactionAccountingLine,TransferTransactionAccountingLine_accountingbook,DW_NS_TRANSFER_LINES_F,accountingbook
Transfer Transaction Accounting Line,TransferTransactionAccountingLine,TransferTransactionAccountingLine_transaction,DW_NS_TRANSFER_LINES_F,transaction
Transfer Transaction Accounting Line,TransferTransactionAccountingLine,TransferTransactionAccountingLine_transactionline,DW_NS_TRANSFER_LINES_F,id
Transfer Transaction Line,TransferTransactionLine,TransferTransactionLine_id,DW_NS_TRANSFER_LINES_F,id
Transfer Transaction Line,TransferTransactionLine,TransferTransactionLine_transaction,DW_NS_TRANSFER_LINES_F,transaction
Transfer Transactions,TransferTransactions,TransferTransactions_id,DW_NS_TRANSFER_F,id
Transfer Transactions,TransferTransactions,TransferTransactions_id,DW_NS_TRANSFER_LINES_F,transaction
Unbuild Transaction Accounting Line,UnbuildTransactionAccountingLine,UnbuildTransactionAccountingLine_accountingbook,DW_NS_ASSEMBLY_UNBUILD_LINES_F,accountingbook
Unbuild Transaction Accounting Line,UnbuildTransactionAccountingLine,UnbuildTransactionAccountingLine_transaction,DW_NS_ASSEMBLY_UNBUILD_LINES_F,transaction
Unbuild Transaction Accounting Line,UnbuildTransactionAccountingLine,UnbuildTransactionAccountingLine_transactionline,DW_NS_ASSEMBLY_UNBUILD_LINES_F,id
Unbuild Transaction Line,UnbuildTransactionLine,UnbuildTransactionLine_id,DW_NS_ASSEMBLY_UNBUILD_LINES_F,id
Unbuild Transaction Line,UnbuildTransactionLine,UnbuildTransactionLine_transaction,DW_NS_ASSEMBLY_UNBUILD_LINES_F,transaction
Unbuild Transactions,UnbuildTransactions,UnbuildTransactions_id,DW_NS_ASSEMBLY_UNBUILD_F,id
Unbuild Transactions,UnbuildTransactions,UnbuildTransactions_id,DW_NS_ASSEMBLY_UNBUILD_LINES_F,transaction
Units Type,unitsType,unitsType_id,DW_NS_unitsType_D,id
Units Type Unit Of Measurement,unitsTypeUom,unitsTypeUom_internalid,DW_NS_unitsTypeUom_D,internalid
Usage,usage,usage_id,DW_NS_usage_F,id
Usage Status,UsageStatus,UsageStatus_key,DW_NS_UsageStatus_D,key
Vendor,vendor,vendor_id,DW_NS_vendor_D,id
Vendor Bill Credit Transaction Accounting Line,VendCredTransactionAccountingLine,VendCredTransactionAccountingLine_accountingbook,DW_NS_VENDOR_BILL_CREDIT_LINES_F,accountingbook
Vendor Bill Credit Transaction Accounting Line,VendCredTransactionAccountingLine,VendCredTransactionAccountingLine_transaction,DW_NS_VENDOR_BILL_CREDIT_LINES_F,transaction
Vendor Bill Credit Transaction Accounting Line,VendCredTransactionAccountingLine,VendCredTransactionAccountingLine_transactionline,DW_NS_VENDOR_BILL_CREDIT_LINES_F,id
Vendor Bill Credit Transaction Line,VendCredTransactionLine,VendCredTransactionLine_id,DW_NS_VENDOR_BILL_CREDIT_LINES_F,id
Vendor Bill Credit Transaction Line,VendCredTransactionLine,VendCredTransactionLine_transaction,DW_NS_VENDOR_BILL_CREDIT_LINES_F,transaction
Vendor Bill Credit Transactions,VendCredTransactions,VendCredTransactions_id,DW_NS_VENDOR_BILL_CREDIT_F,id
Vendor Bill Credit Transactions,VendCredTransactions,VendCredTransactions_id,DW_NS_VENDOR_BILL_CREDIT_LINES_F,transaction
Vendor Bill Payment Transaction Accounting Line,VendPymtTransactionAccountingLine,VendPymtTransactionAccountingLine_accountingbook,DW_NS_VENDOR_BILL_PAYMENT_LINES_F,accountingbook
Vendor Bill Payment Transaction Accounting Line,VendPymtTransactionAccountingLine,VendPymtTransactionAccountingLine_transaction,DW_NS_VENDOR_BILL_PAYMENT_LINES_F,transaction
Vendor Bill Payment Transaction Accounting Line,VendPymtTransactionAccountingLine,VendPymtTransactionAccountingLine_transactionline,DW_NS_VENDOR_BILL_PAYMENT_LINES_F,id
Vendor Bill Payment Transaction Line,VendPymtTransactionLine,VendPymtTransactionLine_id,DW_NS_VENDOR_BILL_PAYMENT_LINES_F,id
Vendor Bill Payment Transaction Line,VendPymtTransactionLine,VendPymtTransactionLine_transaction,DW_NS_VENDOR_BILL_PAYMENT_LINES_F,transaction
Vendor Bill Payment Transactions,VendPymtTransactions,VendPymtTransactions_id,DW_NS_VENDOR_BILL_PAYMENT_F,id
Vendor Bill Payment Transactions,VendPymtTransactions,VendPymtTransactions_id,DW_NS_VENDOR_BILL_PAYMENT_LINES_F,transaction
Vendor Bill Transaction Accounting Line,VendBillTransactionAccountingLine,VendBillTransactionAccountingLine_accountingbook,DW_NS_VENDOR_BILL_LINES_F,accountingbook
Vendor Bill Transaction Accounting Line,VendBillTransactionAccountingLine,VendBillTransactionAccountingLine_transaction,DW_NS_VENDOR_BILL_LINES_F,transaction
Vendor Bill Transaction Accounting Line,VendBillTransactionAccountingLine,VendBillTransactionAccountingLine_transactionline,DW_NS_VENDOR_BILL_LINES_F,id
Vendor Bill Transaction Line,VendBillTransactionLine,VendBillTransactionLine_id,DW_NS_VENDOR_BILL_LINES_F,id
Vendor Bill Transaction Line,VendBillTransactionLine,VendBillTransactionLine_transaction,DW_NS_VENDOR_BILL_LINES_F,transaction
Vendor Bill Transactions,VendBillTransactions,VendBillTransactions_id,DW_NS_VENDOR_BILL_F,id
Vendor Bill Transactions,VendBillTransactions,VendBillTransactions_id,DW_NS_VENDOR_BILL_LINES_F,transaction
Vendor Bill Transactions,VendBillTransactions,VendBillTransactions_id,DW_NS_VENDOR_BILL_SNAPSHOT_F,id
Vendor Category,vendorCategory,vendorCategory_id,DW_NS_vendorCategory_D,id
Vendor Prepayment Application Accounting Line,VPrepAppTransactionAccountingLine,VPrepAppTransactionAccountingLine_accountingbook,DW_NS_VENDOR_BILL_PREPAYMENT_APPL_LINES_F,accountingbook
Vendor Prepayment Application Accounting Line,VPrepAppTransactionAccountingLine,VPrepAppTransactionAccountingLine_transaction,DW_NS_VENDOR_BILL_PREPAYMENT_APPL_LINES_F,transaction
Vendor Prepayment Application Accounting Line,VPrepAppTransactionAccountingLine,VPrepAppTransactionAccountingLine_transactionline,DW_NS_VENDOR_BILL_PREPAYMENT_APPL_LINES_F,id
Vendor Prepayment Application Transaction Line,VPrepAppTransactionLine,VPrepAppTransactionLine_id,DW_NS_VENDOR_BILL_PREPAYMENT_APPL_LINES_F,id
Vendor Prepayment Application Transaction Line,VPrepAppTransactionLine,VPrepAppTransactionLine_transaction,DW_NS_VENDOR_BILL_PREPAYMENT_APPL_LINES_F,transaction
Vendor Prepayment Application Transactions,VPrepAppTransactions,VPrepAppTransactions_id,DW_NS_VENDOR_BILL_PREPAYMENT_APPL_F,id
Vendor Prepayment Application Transactions,VPrepAppTransactions,VPrepAppTransactions_id,DW_NS_VENDOR_BILL_PREPAYMENT_APPL_LINES_F,transaction
Vendor Prepayment Transaction Accounting Line,VPrepTransactionAccountingLine,VPrepTransactionAccountingLine_accountingbook,DW_NS_VENDOR_BILL_PREPAYMENT_LINES_F,accountingbook
Vendor Prepayment Transaction Accounting Line,VPrepTransactionAccountingLine,VPrepTransactionAccountingLine_transaction,DW_NS_VENDOR_BILL_PREPAYMENT_LINES_F,transaction
Vendor Prepayment Transaction Accounting Line,VPrepTransactionAccountingLine,VPrepTransactionAccountingLine_transactionline,DW_NS_VENDOR_BILL_PREPAYMENT_LINES_F,id
Vendor Prepayment Transaction Line,VPrepTransactionLine,VPrepTransactionLine_id,DW_NS_VENDOR_BILL_PREPAYMENT_LINES_F,id
Vendor Prepayment Transaction Line,VPrepTransactionLine,VPrepTransactionLine_transaction,DW_NS_VENDOR_BILL_PREPAYMENT_LINES_F,transaction
Vendor Prepayment Transactions,VPrepTransactions,VPrepTransactions_id,DW_NS_VENDOR_BILL_PREPAYMENT_F,id
Vendor Prepayment Transactions,VPrepTransactions,VPrepTransactions_id,DW_NS_VENDOR_BILL_PREPAYMENT_LINES_F,transaction
Vendor Return Authorization Transaction Accounting Line,VendAuthTransactionAccountingLine,VendAuthTransactionAccountingLine_accountingbook,DW_NS_VENDOR_AUTH_LINES_F,accountingbook
Vendor Return Authorization Transaction Accounting Line,VendAuthTransactionAccountingLine,VendAuthTransactionAccountingLine_transaction,DW_NS_VENDOR_AUTH_LINES_F,transaction
Vendor Return Authorization Transaction Accounting Line,VendAuthTransactionAccountingLine,VendAuthTransactionAccountingLine_transactionline,DW_NS_VENDOR_AUTH_LINES_F,id
Vendor Return Authorization Transaction Line,VendAuthTransactionLine,VendAuthTransactionLine_id,DW_NS_VENDOR_AUTH_LINES_F,id
Vendor Return Authorization Transaction Line,VendAuthTransactionLine,VendAuthTransactionLine_transaction,DW_NS_VENDOR_AUTH_LINES_F,transaction
Vendor Return Authorization Transactions,VendAuthTransactions,VendAuthTransactions_id,DW_NS_VENDOR_AUTH_F,id
Vendor Return Authorization Transactions,VendAuthTransactions,VendAuthTransactions_id,DW_NS_VENDOR_AUTH_LINES_F,transaction
Vendor Return Authorization Transactions,VendAuthTransactions,VendAuthTransactions_id,DW_NS_VENDOR_AUTH_SNAPSHOT_F,id
Vsoe Sop Group Type,vsoeSopGroupType,vsoeSopGroupType_key,DW_NS_vsoeSopGroupType_D,key
Wave Order Line,waveOrderLine,waveOrderLine_line_number,DW_NS_WAVE_LINES_F,line_number
Wave Order Line,waveOrderLine,waveOrderLine_order_number,DW_NS_WAVE_LINES_F,order_number
Wave Order Line,waveOrderLine,waveOrderLine_wave,DW_NS_WAVE_LINES_F,wave
Wave Transactions,WaveTransactions,WaveTransactions_id,DW_NS_WAVE_F,id
Wave Transactions,WaveTransactions,WaveTransactions_id,DW_NS_WAVE_LINES_F,wave
Work Breakdown Structure,Wbs,Wbs_id,DW_NS_WBS_F,id
Work Breakdown Structure,Wbs,Wbs_id,DW_NS_WBS_LINES_F,id
Work Breakdown Structure Line,WbsLine,WbsLine_line_key,DW_NS_WBS_LINES_F,line_key
Work Calendar,workCalendar,workCalendar_id,DW_NS_workCalendar_D,id
Work Calendar Holiday,workCalendarHoliday,workCalendarHoliday_exceptiondate,DW_NS_workCalendarHoliday_D,exceptiondate
Work Calendar Holiday,workCalendarHoliday,workCalendarHoliday_workcalendar,DW_NS_workCalendarHoliday_D,workcalendar
Work Order Close Transaction Accounting Line,WOCloseTransactionAccountingLine,WOCloseTransactionAccountingLine_accountingbook,DW_NS_WORK_ORDER_CLOSE_LINES_F,accountingbook
Work Order Close Transaction Accounting Line,WOCloseTransactionAccountingLine,WOCloseTransactionAccountingLine_transaction,DW_NS_WORK_ORDER_CLOSE_LINES_F,transaction
Work Order Close Transaction Accounting Line,WOCloseTransactionAccountingLine,WOCloseTransactionAccountingLine_transactionline,DW_NS_WORK_ORDER_CLOSE_LINES_F,id
Work Order Close Transaction Line,WOCloseTransactionLine,WOCloseTransactionLine_id,DW_NS_WORK_ORDER_CLOSE_LINES_F,id
Work Order Close Transaction Line,WOCloseTransactionLine,WOCloseTransactionLine_transaction,DW_NS_WORK_ORDER_CLOSE_LINES_F,transaction
Work Order Close Transactions,WOCloseTransactions,WOCloseTransactions_id,DW_NS_WORK_ORDER_CLOSE_F,id
Work Order Close Transactions,WOCloseTransactions,WOCloseTransactions_id,DW_NS_WORK_ORDER_CLOSE_LINES_F,transaction
Work Order Completion Transaction Accounting Line,WOComplTransactionAccountingLine,WOComplTransactionAccountingLine_accountingbook,DW_NS_WORK_ORDER_COMPLETION_LINES_F,accountingbook
Work Order Completion Transaction Accounting Line,WOComplTransactionAccountingLine,WOComplTransactionAccountingLine_transaction,DW_NS_WORK_ORDER_COMPLETION_LINES_F,transaction
Work Order Completion Transaction Accounting Line,WOComplTransactionAccountingLine,WOComplTransactionAccountingLine_transactionline,DW_NS_WORK_ORDER_COMPLETION_LINES_F,id
Work Order Completion Transaction Line,WOComplTransactionLine,WOComplTransactionLine_id,DW_NS_WORK_ORDER_COMPLETION_LINES_F,id
Work Order Completion Transaction Line,WOComplTransactionLine,WOComplTransactionLine_transaction,DW_NS_WORK_ORDER_COMPLETION_LINES_F,transaction
Work Order Completion Transactions,WOComplTransactions,WOComplTransactions_id,DW_NS_WORK_ORDER_COMPLETION_F,id
Work Order Completion Transactions,WOComplTransactions,WOComplTransactions_id,DW_NS_WORK_ORDER_COMPLETION_LINES_F,transaction
Work Order Issue Transaction Accounting Line,WOIssueTransactionAccountingLine,WOIssueTransactionAccountingLine_accountingbook,DW_NS_WORK_ORDER_ISSUE_LINES_F,accountingbook
Work Order Issue Transaction Accounting Line,WOIssueTransactionAccountingLine,WOIssueTransactionAccountingLine_transaction,DW_NS_WORK_ORDER_ISSUE_LINES_F,transaction
Work Order Issue Transaction Accounting Line,WOIssueTransactionAccountingLine,WOIssueTransactionAccountingLine_transactionline,DW_NS_WORK_ORDER_ISSUE_LINES_F,id
Work Order Issue Transaction Line,WOIssueTransactionLine,WOIssueTransactionLine_id,DW_NS_WORK_ORDER_ISSUE_LINES_F,id
Work Order Issue Transaction Line,WOIssueTransactionLine,WOIssueTransactionLine_transaction,DW_NS_WORK_ORDER_ISSUE_LINES_F,transaction
Work Order Issue Transactions,WOIssueTransactions,WOIssueTransactions_id,DW_NS_WORK_ORDER_ISSUE_F,id
Work Order Issue Transactions,WOIssueTransactions,WOIssueTransactions_id,DW_NS_WORK_ORDER_ISSUE_LINES_F,transaction
Work Order Transaction Accounting Line,WorkOrdTransactionAccountingLine,WorkOrdTransactionAccountingLine_accountingbook,DW_NS_WORK_ORDER_LINES_F,accountingbook
Work Order Transaction Accounting Line,WorkOrdTransactionAccountingLine,WorkOrdTransactionAccountingLine_transaction,DW_NS_WORK_ORDER_LINES_F,transaction
Work Order Transaction Accounting Line,WorkOrdTransactionAccountingLine,WorkOrdTransactionAccountingLine_transactionline,DW_NS_WORK_ORDER_LINES_F,id
Work Order Transaction Line,WorkOrdTransactionLine,WorkOrdTransactionLine_id,DW_NS_WORK_ORDER_LINES_F,id
Work Order Transaction Line,WorkOrdTransactionLine,WorkOrdTransactionLine_transaction,DW_NS_WORK_ORDER_LINES_F,transaction
Work Order Transactions,WorkOrdTransactions,WorkOrdTransactions_id,DW_NS_WORK_ORDER_F,id
Work Order Transactions,WorkOrdTransactions,WorkOrdTransactions_id,DW_NS_WORK_ORDER_LINES_F,transaction
Work Order Transactions,WorkOrdTransactions,WorkOrdTransactions_id,DW_NS_WORK_ORDER_SNAPSHOT_F,id
Workplace,workplace,workplace_id,DW_NS_workplace_D,id
Workplace Main Address,WorkplaceMainAddress,WorkplaceMainAddress_nkey,DW_NS_WorkplaceMainAddress_D,nkey
Zone,zone,zone_id,DW_NS_zone_D,id